eturb_m1_steam_flow_in,eturb_m1_steam_flow_side,eturb_m1_electricity_generation,eturb_m2_steam_flow_in,eturb_m2_steam_flow_side,eturb_m2_electricity_generation
0.473333333,0.145,0.080833333,-0.0425,-0.3475,0.019166667
1.111666667,0.130833333,0.108333333,-0.168333333,-0.7225,0.0025
-0.750833333,-0.376666667,-0.039166667,-0.071666667,-0.535,0.01
0.0875,-0.205833333,-0.024166667,-0.2075,-0.04,-0.006666667
-0.395833333,-0.310833333,-0.015,0.683333333,0.043333333,-0.011666667
-3.0825,-1.9075,-0.260833333,0.486666667,0.5175,0.095
-0.24,-0.096666667,-0.021666667,-0.699166667,0.5125,0.024166667
-1.966666667,-0.645,-0.128333333,0.180833333,0.693333333,-0.018333333
0.420833333,0.69,0.005,0.1925,0.0775,0.039166667
-0.2375,0.219166667,0.0125,0.4125,1.030833333,0.030833333
0.4875,0.075833333,0.058333333,-0.125909091,-0.219621212,0.040454545
-0.598333333,-0.273333333,-0.04,0.061742424,0.044621212,0.012045455
0.8275,0.684166667,0.071666667,-0.033333333,-0.38,0.005833333
0.1875,-0.0325,0.020833333,0.126666667,0.61,0.046666667
0.741666667,0.390833333,0.031666667,0.323333333,0.459166667,0.029166667
0.964166667,0.725,0.068333333,0.089166667,0.3525,-0.004166667
-0.429166667,0.184166667,-0.079166667,-0.099393939,0.619166667,-0.086818182
-0.195833333,0.233333333,-0.076666667,0.056060606,0.7675,-0.059848485
0.350833333,0.648333333,-0.005833333,-0.0825,0.2425,-0.065833333
1.91,1.0275,0.1475,-0.193333333,-0.551666667,-0.028333333
-0.635,-0.456666667,-0.0325,-0.008333333,0.231666667,0.0175
-0.539166667,-0.54,-0.085,-0.200833333,-0.3675,-0.055833333
1.068333333,0.410833333,0.156666667,-0.225,-0.463333333,0.02
-1.951666667,-1.441666667,-0.195833333,0.080833333,0.425,0.023333333
-0.683333333,-0.091666667,-0.064166667,0.005,-0.3425,0.03
1.0125,0.463333333,0.110833333,0.005,-0.360833333,0.060833333
-0.72,-0.8325,-0.066666667,-0.155,0.0075,-0.075
0.305833333,0.319166667,0.0375,-0.08,-0.340833333,0.0425
0.056666667,-0.426666667,0.019166667,0.165,-0.485833333,0.040833333
0.201666667,0.341666667,0.018333333,-0.250833333,0.1975,-0.035
-0.755833333,0.280833333,-0.125,0.024166667,0.930833333,-0.1
0.151666667,0.4975,-0.035833333,-0.026666667,0.6375,-0.050833333
-0.179166667,0.2225,-0.048333333,-0.110833333,0.525833333,-0.048333333
-0.1975,-0.230833333,-0.0225,0.046666667,-0.590833333,-0.001666667
0.755833333,0.329166667,0.029166667,-0.105,0.14,-0.005833333
0.165833333,0.104166667,0.015833333,0.008333333,-0.3775,-0.019166667
-0.424166667,-0.198333333,-0.0275,-0.103333333,0.435833333,-0.0125
-0.1375,-0.261666667,-0.0025,-0.085833333,-0.2325,-0.0025
0.06,-0.2975,-0.0075,0.053333333,-0.655,0.0225
-0.110833333,-0.130833333,0.025833333,0.084166667,0.415,0.045
0.355,0.224166667,0.011666667,-0.004166667,-0.0975,-0.006666667
-0.006666667,0.331666667,-0.001666667,0.0125,0.190833333,-0.0025
1.841666667,0.776666667,0.158333333,1.662424242,-0.402575758,-0.008106061
-0.65,0.071666667,-0.043333333,0.620909091,0.988409091,-0.054393939
0.985,0.69,0.0625,2.3175,-0.0275,-0.0775
-0.503333333,0.024166667,-0.06,-0.858333333,-0.005833333,-0.015833333
0.758333333,0.1725,0.096666667,3.205,0.176666667,-0.026666667
-1.065,-0.5725,-0.156666667,-0.016666667,0.0175,-0.0275
-0.746666667,-0.269166667,-0.058333333,-3.268333333,0.23,-0.000833333
0.733333333,0.080833333,0.085,4.553333333,-0.679166667,0.084166667
-0.076666667,-0.051666667,-0.024166667,1.023333333,-0.204166667,-0.128333333
0.825833333,0.776666667,0.095833333,-0.193333333,-0.3525,-0.014166667
-1.660833333,-0.968333333,-0.193333333,0.478333333,0.819166667,0.0125
1.299166667,0.78,0.143333333,-0.451666667,-0.706666667,-0.019166667
-0.280833333,-0.554166667,-0.021666667,0.514166667,0.718333333,0.055
-0.176666667,0.030833333,0.02,-0.479166667,-0.293333333,-0.048333333
-0.95,-0.366666667,-0.16,0.1175,0.0325,0.036666667
0.446666667,0.204166667,0.06,-5.778333333,-0.050833333,0.065
0.130833333,-0.235833333,0.046666667,-1.588333333,-0.44,0.015
1.209166667,0.554166667,0.093333333,0.009166667,0.1,-0.0025
-1.169166667,-0.591666667,-0.113333333,-1.35,0.358333333,0.024166667
-0.5575,-0.525,-0.060833333,-0.414166667,-0.394166667,0.039166667
-0.120833333,0.228333333,0.01,0.0875,0.47,0.039166667
0.05,0.011666667,0.040833333,0.138333333,-0.25,0.0425
-0.285,-0.390833333,0.005,-0.011666667,-0.079166667,0.030833333
1.023333333,0.118333333,0.135833333,-0.038333333,-0.715,0.055833333
-0.945,-0.760833333,-0.064166667,-0.0925,-0.224166667,-0.02
0.61,0.365833333,0.083333333,1.559166667,-0.355833333,0.011666667
-0.75,-0.781666667,-0.046666667,-1.6525,0.015,0.033333333
-0.308333333,-0.096666667,-0.028333333,0.070833333,0.095833333,0.043333333
-0.336666667,-0.606666667,0.021666667,0.14,-0.090833333,0.054166667
-0.879166667,-0.195,-0.076666667,0.1625,0.146666667,0.0275
0.4925,-0.103333333,0.080833333,0.276666667,-0.633333333,0.075833333
0.815,0.156666667,0.0975,0.0525,-0.43,0.063333333
-0.7875,-0.695,-0.030833333,0.165,-0.141666667,0.051666667
-0.290833333,-0.208333333,-0.006666667,0.096666667,-0.2225,-0.019166667
-0.751666667,-0.436666667,-0.058333333,-0.428333333,-0.491666667,-0.100833333
-0.07,-0.301666667,0.029166667,0.445,0.313333333,0.0775
0.220833333,0.115833333,0.06,0.265,-0.148333333,0.083333333
0.356666667,0.185,0.015833333,-0.068333333,0.33,-0.0175
0.7575,0.229166667,0.063333333,0.201666667,0.090833333,0.07
-1.436666667,-1.0275,-0.099166667,-0.38280303,-0.534090909,-0.038939394
1.0775,0.788333333,0.086666667,0.31280303,0.296590909,0.075606061
-0.731666667,-0.206666667,-0.0975,-0.7275,-0.361666667,-0.149166667
0.8175,0.52,0.053333333,0.789166667,0.526666667,0.159166667
-0.805833333,-0.500833333,-0.0675,-0.631666667,-0.269166667,-0.125833333
0.885,0.32,0.065833333,0.010833333,0.151666667,0.019166667
-0.648333333,-0.214166667,-0.036666667,0.375,0.3225,0.071666667
0.763333333,0.68,0.025,-0.029166667,0.4225,-0.02
-0.940833333,-0.064166667,-0.100833333,-0.3525,0.154166667,-0.128333333
0.204166667,0.213333333,-0.01,-0.0825,-0.4,-0.005
0.301666667,0.465833333,0.041666667,0.449166667,0.555,0.028333333
1.474166667,0.6675,0.099166667,0.3575,0.153333333,0.060833333
-1.1825,-0.635833333,-0.081666667,0.088333333,0.320833333,-0.008333333
1.128333333,0.713333333,0.075,0.169166667,0.23,0.0425
0.188333333,0.026666667,0.034166667,0.011666667,0.020833333,0.01
0.11,0.0475,-0.036666667,-0.1575,-0.123333333,-0.040833333
-0.32,-0.155,-0.0325,-0.0325,0.1375,-0.008333333
-0.781666667,-0.31,-0.0525,-0.149166667,-0.233333333,-0.0375
0.019166667,-0.1325,0.035,0.043333333,-0.2575,0.03
1.295833333,0.464166667,0.1225,-0.1,-0.294166667,0.035833333
-1.425833333,-1.0975,-0.083333333,0.290833333,-0.2425,0.058333333
0.290833333,0.054166667,0.0575,-0.109166667,0.135,0.003333333
-1.476666667,-0.989166667,-0.080833333,-0.606666667,-0.448333333,-0.076666667
0.334166667,0.045833333,0.064166667,0.32,-0.231666667,0.1025
-0.114166667,-0.436666667,0.023333333,-0.230833333,-0.843333333,-0.004166667
0.805,0.403333333,0.1,0.66,0.525,0.1425
-0.846666667,-0.570833333,-0.020833333,-0.353333333,-0.291666667,-0.048333333
0.136666667,-0.2925,0.034166667,0.898333333,0.211666667,0.155
0.745833333,0.685,0.058333333,-1.020833333,-0.430833333,-0.1625
-0.7425,-0.374166667,-0.075833333,0.279166667,0.291666667,0.003333333
0.459166667,0.690833333,0.031666667,0.338939394,0.828030303,0.025984848
0.05,0.001666667,0.016666667,-0.149772727,-0.38969697,0.013181818
0.4075,0.239166667,-0.010833333,-0.056666667,0.115833333,-0.019166667
-0.913333333,-0.479166667,-0.049166667,-0.615,-0.28,-0.0975
0.480833333,0.376666667,0.06,-4.026666667,-0.781666667,-0.753333333
0.235,0.386666667,0.02,1.0575,0.614166667,0.104166667
0.645833333,0.538333333,0.038333333,2.18,0.998333333,0.414166667
0.126666667,-0.013333333,-0.028333333,-0.189166667,-0.574166667,-0.014166667
0.069166667,0.113333333,0.01,1.42E-14,0.086666667,-0.009166667
-0.3425,-0.12,-0.046666667,0.325,0.241666667,0.011666667
0.919166667,0.2975,0.0125,1.106666667,0.166666667,0.229166667
-0.583333333,-0.203333333,-0.094166667,-0.625,-0.218333333,-0.181666667
0.0975,0.14,-0.054166667,-0.104166667,0.153333333,-0.073333333
-0.954166667,-0.3125,-0.135,-0.4875,-0.0275,-0.1675
1.215,0.909166667,0.055833333,0.2175,0.058333333,0.029166667
0.664166667,0.388333333,0.031666667,-0.146666667,0.11,-0.013333333
0.098333333,0.215833333,-0.041666667,-0.465833333,-0.448333333,-0.125833333
-1.226666667,-0.445,-0.1525,-0.0775,0.755,-0.130833333
1.1675,1.091666667,0.068333333,-0.1375,0.199166667,-0.056666667
-0.800833333,-0.6625,-0.056666667,-0.035,0.139166667,-0.03
0.106666667,0.051666667,-0.050833333,0.060833333,0.053333333,-0.0225
0.778333333,0.396666667,0.1225,1.363333333,-0.810833333,0.021666667
-1.049166667,-0.760833333,-0.1075,-1.623333333,0.1125,-0.05
0.298333333,0.1425,-0.006666667,-0.045833333,0.571666667,0.008333333
0.461666667,0.296666667,0.053333333,1.545,-0.6125,-0.0075
0.488333333,0.584166667,0.006666667,0.664166667,0.326666667,-0.0825
-0.063333333,0.021666667,0.006666667,3.23,0.1675,-0.019166667
0.876666667,0.439166667,0.083333333,2.313333333,-0.348333333,0.011666667
-1.308333333,-0.535,-0.149166667,0.82,0.841666667,-0.04
0.825833333,0.788333333,0.0675,0.569166667,-0.379166667,-0.09
-0.308333333,0.274166667,-0.09,-0.165,0.668333333,-0.115833333
0.9,0.605833333,0.075833333,-0.156666667,0.125833333,-0.056666667
-0.830833333,-0.289166667,-0.1375,-0.0075,0.7575,-0.0775
1.015833333,0.5975,0.134166667,-0.195833333,-0.349166667,-0.0125
0.155,0.088333333,0.0075,0.075833333,0.303333333,-0.04
-0.005833333,0.2225,-0.048333333,0.099166667,0.12,-0.050833333
-0.403333333,0.334166667,-0.109166667,-0.355,0.648333333,-0.131666667
0.483333333,0.189166667,0.068333333,0.018333333,0.1925,-0.021666667
0.711666667,0.2475,0.055,0.914166667,-0.2175,0.03
-1.156666667,-0.320833333,-0.1725,-1.046666667,0.185833333,-0.154166667
-1.305833333,-0.78,-0.1225,0.1425,0.159166667,0.0275
-0.1,-0.2875,0.031666667,-0.025,-0.11,0.063333333
0.399166667,-0.5325,0.089166667,0.996666667,-0.373333333,0.149166667
-1.354166667,-0.561666667,-0.145833333,-0.87,-0.055833333,-0.090833333
0.670833333,0.31,0.088333333,-0.03,-0.2275,0.028333333
-0.2325,0.1875,-0.023333333,-0.0325,-0.0975,-0.016666667
0.298333333,0.24,0.009166667,0.315833333,0.5975,0.019166667
0.370833333,0.388333333,0.019166667,-0.18,0.075,-0.0575
0.310833333,0.146666667,0.041666667,0.549166667,0.095,0.060833333
0.353333333,0.3925,0.0175,-0.034166667,0.215833333,-0.06
-1.214166667,-0.569166667,-0.1325,-0.7025,-0.2175,-0.044166667
0.319166667,-0.010833333,0.050833333,-0.12,0.239166667,-0.005833333
0.381666667,-0.379166667,0.069166667,0.696666667,-0.890833333,0.086666667
-0.748333333,-0.483333333,-0.055,-0.5425,-0.599166667,0.029166667
-0.253333333,-0.581666667,-0.0125,0.335,0.074166667,0.084166667
-0.4075,0.090833333,-0.030833333,-0.0525,-0.2075,0.04
0.7225,-0.035833333,0.0825,0.215,0.326666667,0.089166667
-1.4475,-0.996666667,-0.114166667,0.1425,0.175,0.029166667
0.655,0.653333333,0.055,0.01,-0.328333333,0.059166667
0.833333333,0.481666667,0.100833333,0.150833333,-0.014166667,0.000833333
-0.505,-0.068333333,-0.123333333,-0.076666667,0.75,-0.045833333
0.8775,0.8,0.12,-0.068333333,-0.1,0.0175
-0.360833333,0.069166667,-0.06,-0.1125,0.5025,-0.054166667
1.036666667,0.280833333,0.118333333,0.279166667,-0.1825,0.044166667
-1.058333333,-0.595,-0.141666667,-0.235,0.405833333,-0.040833333
0.1525,0.338333333,0.0575,-0.009166667,-0.1275,0.04
0.446666667,0.1525,0.024166667,-0.023333333,0.186666667,-0.01
-0.6925,-0.26,-0.069166667,0.116666667,0.131666667,0.011666667
-0.2325,0.026666667,0.025,0.083333333,0.263333333,0.0475
0.2425,0.205833333,0.02,0.098333333,-0.173333333,0.023333333
1.769166667,0.8325,0.1925,0.1025,-0.218333333,-3.55E-15
-1.745,-0.640833333,-0.1825,-0.436666667,0.361666667,-0.1
0.415,0.425833333,0.004166667,0.095,0.043333333,-0.035
0.220833333,0.115833333,0.0075,-0.004166667,0.281666667,-0.0075
1.355,0.701666667,0.140833333,0.746666667,-0.219166667,0.045833333
-0.341666667,0.088333333,-0.095833333,-0.5375,0.81,-0.135
-0.035,0.401666667,-0.05,-0.439166667,0.264166667,-0.075833333
0.259166667,0.455833333,0.038333333,0.140833333,-0.076666667,-0.005
0.094166667,0.129166667,-0.0175,-0.1575,0.2275,-0.043333333
0.981666667,0.528333333,0.116666667,1.555833333,0.32,0.08
-0.643333333,-0.4725,-0.0775,-0.5325,-0.4725,-0.053333333
-0.306666667,-0.2125,-0.0525,-0.1125,0.628333333,-0.059166667
0.620833333,0.376666667,0.080833333,0.353333333,-0.395,0.030833333
-0.115833333,-0.054166667,-0.0075,0.713333333,0.0875,0.056666667
-0.608333333,-0.496666667,-0.060833333,-0.811666667,-0.7925,-0.065
-0.168333333,-0.049166667,-0.066666667,-0.558333333,0.144166667,-0.083333333
-0.430833333,-0.115833333,-0.0275,-1.041666667,0.1725,-0.040833333
0.104166667,0.025833333,0.038333333,-0.030833333,-0.255,0.0375
0.778333333,0.161666667,0.128333333,1.965833333,0.31,0.1975
-0.710833333,-0.346666667,-0.05,-1.028333333,-0.525833333,-0.079166667
-0.340833333,-0.359166667,-0.055833333,-0.6925,0.154166667,-0.0475
-0.063333333,0.080833333,-0.010833333,0.165,-0.113333333,0.0525
0.5275,0.130833333,0.105833333,0.266666667,-0.1625,0.1075
0.445833333,-0.045,0.0625,0.58,0.2675,0.039166667
-0.453333333,-0.164166667,-0.0325,-0.0975,-0.260833333,0.048333333
0.283333333,-0.280833333,0.055,0.276666667,-0.005833333,0.030833333
-1.0725,-0.644166667,-0.143333333,-0.69,-0.641666667,-0.011666667
0.276666667,-0.1525,0.045833333,0.151666667,0.07,0.080833333
-0.71,-0.460833333,-0.023333333,0.1975,-0.311666667,0.065833333
0.516666667,-0.09,0.069166667,0.0305,-0.193666667,0.077333333
-0.900833333,-0.726666667,-0.039166667,0.113666667,-0.889666667,0.052666667
0.589166667,-0.016666667,0.085833333,-0.845833333,-0.52,0.045833333
-0.149166667,0.068333333,-0.013333333,0.786439394,0.025757576,-0.037954545
-0.160833333,0.198333333,-0.036666667,0.036893939,1.087575758,-0.041212121
-0.369166667,0.369166667,-0.051666667,0.103333333,0.505833333,-0.018333333
0.348333333,0.306666667,-0.0375,0.105,0.42,-0.025833333
0.701666667,0.719166667,0.0675,-0.105,-0.1375,-0.024166667
0.230833333,0.4675,-0.010833333,0.016666667,1.0875,-0.054166667
0.969166667,0.5925,0.101666667,0.284166667,-0.37,0.003333333
-1.013333333,-0.163333333,-0.1325,-0.405833333,0.556666667,-0.089166667
-0.01,-0.059166667,-0.0125,0.06,0.118333333,0.044166667
0.575,0.2,0.065833333,0.0125,-0.360833333,0.030833333
0.211666667,0.125833333,0.043333333,0.033333333,0.373333333,0.019166667
0.039166667,-0.128333333,0.033333333,-0.018333333,-0.604166667,0.0125
0.05,-0.5625,0.020833333,0.063333333,-0.290833333,0.0225
-0.508333333,-0.420833333,-0.036666667,-0.063333333,-0.155,0.0425
-0.95,-0.921666667,-0.079166667,0.165833333,-0.681666667,0.019166667
0.2475,0.241666667,0.0325,-0.070833333,0.080833333,0.008333333
-0.8725,-0.629166667,-0.098333333,-0.123333333,0.19,-0.065833333
0.428333333,0.218333333,0.045833333,-0.019166667,-0.734166667,0.046666667
0.45,0.163333333,0.076666667,0.145833333,-0.116666667,0.013333333
-1.28,-0.594166667,-0.136666667,-0.2225,0.468333333,-0.073333333
1.210833333,0.605,0.130833333,-0.155,-0.226666667,0.004166667
-1.3,-0.644166667,-0.136666667,0.1275,0.331666667,0.0325
0.493333333,0.485833333,0.044166667,0.0575,-0.021666667,0.041666667
-0.353333333,0.2475,-0.0625,-0.016666667,0.676666667,-0.040833333
0.739166667,0.3525,0.065833333,-0.0125,-0.01,0.025833333
0.215833333,0.1275,0.025,-4.905,0.491666667,-0.01
0.7375,0.390833333,0.073333333,0.820833333,-0.658333333,0.045
0.378333333,-0.371666667,0.0875,2.501666667,-0.5625,-0.0525
-0.8025,-0.508333333,-0.114166667,-2.5475,0.115,0.0275
-0.014166667,-0.244166667,0.006666667,1.490833333,-0.6825,-0.026666667
-1.3075,-0.494166667,-0.173333333,-2.285833333,0.518333333,-0.021666667
0.625,0.3425,0.058333333,4.870833333,-0.328333333,0.02
0.666666667,0.5575,0.089166667,-0.149166667,0.03,-0.046666667
-0.63,-0.4575,-0.106666667,-0.058333333,0.391666667,-0.069166667
-0.473333333,-0.0625,-0.054166667,0.019166667,-0.160833333,-0.016666667
0.195833333,0.210833333,0.023333333,-0.023333333,0.39,0.0025
0.94,0.6625,0.09,-0.123333333,0.0975,-0.024166667
0.581666667,0.679166667,0.064166667,0.361666667,0.436666667,-0.0625
0.304166667,0.185833333,-0.010833333,0.920833333,0.2875,0.0175
-0.271666667,-0.136666667,-0.033333333,-1.3225,-0.063333333,-0.133333333
0.2,0.230833333,0.0275,0.008333333,0.118333333,0.0075
-0.084166667,-0.1825,-0.036666667,0.426666667,-0.073333333,0.071666667
-0.46,0.028333333,-0.023333333,-0.821666667,0.051666667,-0.0625
-0.2625,-0.260833333,-0.040833333,0.395833333,0.069166667,0.050833333
-0.294166667,-0.035,-0.0025,0.079166667,0.193333333,0.064166667
-0.040833333,-0.304166667,0.001666667,0.0275,-0.695833333,0.060833333
-0.543333333,-0.625,-0.004166667,0.066666667,-0.745,0.076666667
1.5375,0.391666667,0.173333333,0.145,-0.325,0.06
-0.581666667,-0.575833333,-0.050833333,-0.100833333,0.285833333,0.0075
-0.398333333,-0.5325,-0.02,0.1075,-0.864166667,0.006666667
-0.97,-0.466666667,-0.109166667,0.061666667,0.460833333,-0.011666667
-0.4175,-0.125,-0.010833333,0.009166667,-0.523333333,0.0775
0.7225,0.030833333,0.0675,0.035833333,-0.108333333,0.013333333
0.208333333,0.301666667,0.021666667,-0.056666667,0.015,-0.005
0.281666667,0.2075,0.036666667,0.015833333,0.463333333,-0.016666667
-1.230833333,-0.763333333,-0.116666667,0.023333333,0.078333333,-0.035
0.086666667,0.185833333,-0.004166667,-0.056666667,0.1125,0.048333333
0.655833333,0.171666667,0.130833333,0.044166667,-0.2525,0.065
-0.926666667,-0.759166667,-0.049166667,-3.935833333,-0.7075,0.0775
0.936666667,0.2975,0.08,1.494166667,-0.149166667,-0.0075
-0.396666667,-0.286666667,-0.031666667,-1.605,0.055833333,-0.034166667
0.5175,0.360833333,0.026666667,0.749166667,-0.128333333,0.018333333
-1.515833333,-1.138333333,-0.104166667,-3.875833333,0.195,0.039166667
0.261666667,0.286666667,-0.039166667,-1.695,0.040833333,-0.025833333
0.581666667,0.385,0.096666667,1.680833333,-0.2875,0.0275
-0.549166667,-0.124166667,-0.069166667,0.839166667,0.491666667,-0.026666667
0.535,0.524166667,0.014166667,2.36,0.593333333,-0.031666667
1.125833333,0.66,0.103333333,2.493333333,-0.129166667,-0.011666667
-1.900833333,-1.380833333,-0.169166667,-4.115,0.055833333,-0.003333333
0.5425,0.391666667,0.0275,2.421666667,-0.518333333,0.008333333
1.595833333,1.1125,0.175,2.274166667,0.230833333,-0.050833333
-1.004166667,0.210833333,-0.1875,0.838333333,0.63,-0.118333333
0.493333333,0.74,0.004166667,-0.066666667,0.691666667,-0.0775
1.6225,0.839166667,0.208333333,0.015833333,0.050833333,-0.043333333
-0.43,0.040833333,-0.083333333,-0.055,0.4275,-0.0575
-0.118333333,0.2675,-0.070833333,-0.3975,0.188333333,-0.100833333
0.6075,0.48,0.0325,-0.145833333,0.1625,-0.035
0.83,0.57,0.114166667,1.020833333,0.3575,-0.010833333
-0.331666667,-0.121666667,-0.080833333,0.949166667,0.224166667,-0.006666667
-0.9525,-0.203333333,-0.165,-1.739166667,-0.355,-0.135
0.736666667,0.066666667,0.121666667,0.661666667,0.404166667,0.008333333
-0.375833333,-0.2475,-0.060833333,-0.58,-0.5375,-0.045833333
-0.141666667,-0.08,-0.000833333,0.204166667,-0.115833333,0.009166667
-0.265833333,-0.014166667,-0.056666667,-0.445833333,-0.0325,-0.060833333
0.239166667,0.095,0.011666667,-0.359166667,0.096666667,-0.0075
0.210833333,-0.075833333,0.06,1.165833333,0.375,0.1
-0.151666667,0.043333333,0.005833333,0.040833333,-0.4925,0.036666667
0.0225,0.061666667,-0.015,-0.670833333,0.240833333,-0.104166667
-0.81,-0.554166667,-0.113333333,-0.541666667,0.071666667,-0.041666667
0.058333333,0.081666667,0.025,0.049166667,-0.703333333,0.043333333
0.211666667,-0.239166667,0.053333333,0.090833333,0.114166667,0.025
-0.291666667,-0.225,-0.020833333,-0.143333333,-0.0775,0.0125
0.225,0.05,0.05,0.475,-0.308333333,0.0725
-0.225833333,-0.520833333,-0.013333333,0.021666667,-0.185,0.014166667
-0.22,-0.019166667,-0.035833333,0.270833333,-0.060833333,0.045
0.169166667,-0.16,0.0375,-0.4725,-0.126666667,0.0025
-0.514166667,-0.3925,-0.006666667,0.2625,-0.245833333,0.115
-0.148333333,-0.369166667,0.010833333,0.219166667,-0.081666667,0.114166667
-0.071666667,-0.3975,0.043333333,0.204166667,-0.2675,0.098333333
0.908333333,0.155833333,0.135,0.099166667,-0.533333333,0.103333333
-1.543333333,-1.308333333,-0.076666667,0.3325,-0.071666667,0.0975
-0.061666667,-0.266666667,0.028333333,-0.873333333,-0.665833333,0.121666667
1.125,0.524166667,0.095833333,0.924166667,-0.635833333,-0.003333333
-1.540833333,-0.9975,-0.105,-3.1475,0.139166667,0.099166667
0.298333333,0.228333333,0.02,1.795833333,0.415,-0.009166667
-1.554166667,-0.785833333,-0.128333333,-7.480833333,0.160833333,-0.019166667
1.3625,0.880833333,0.124166667,2.456666667,-0.340833333,0.075833333
-0.836666667,-0.584166667,-0.083333333,-2.379166667,0.675,-0.066666667
0.919166667,0.5775,0.093333333,4.930833333,-1.0825,0.0425
-0.925833333,-0.633333333,-0.070833333,-3.443333333,0.713333333,-0.029166667
1.286666667,1.046666667,0.068333333,3.99,0.23,-0.0125
0.12,0.101666667,-0.004166667,0.799166667,-0.153333333,-0.045833333
-0.55,-0.195,-0.0475,0.038333333,0.341666667,-0.021666667
0.74,0.41,0.065833333,-1.621666667,0.395,0.0325
-0.495,-0.589166667,-0.016666667,-2.288333333,-0.1575,0.05
-0.033333333,-0.016666667,0.008333333,-3.223333333,-0.025833333,0.031666667
-0.6025,-0.525,-0.003333333,0.446666667,-0.601666667,0.0975
-0.219166667,-0.255833333,-0.0025,0.266666667,0.058333333,0.038333333
0.205,-0.005833333,0.049166667,0.303560606,-0.136515152,0.079090909
0.263333333,0.043333333,0.05,0.073939394,0.201515152,0.056742424
1.360833333,0.945833333,0.1,-0.015,-0.8275,-0.001666667
-1.535,-0.6975,-0.120833333,0.246666667,1.225833333,0.005
1.525,1.073333333,0.105,-0.295833333,-0.138333333,-0.035
0.128333333,0.5975,-0.019166667,-0.066666667,0.2575,-0.075833333
-0.416666667,-0.455,-0.038333333,-0.071666667,0.5175,-0.0275
-0.775,-0.324166667,-0.053333333,-0.029166667,-0.355833333,-0.000833333
1.961666667,1.123333333,0.135,-0.308333333,-0.0675,-0.038333333
-1.940833333,-1.311666667,-0.136666667,0.2125,0.170833333,0.0225
0.818333333,0.476666667,0.073333333,-0.155,-0.454166667,0.004166667
0.306666667,0.045833333,0.0175,0.096666667,0.1025,0.026666667
-0.886666667,-0.759166667,-0.03,0.291666667,0.19,0.063333333
-0.428333333,-0.38,0.011666667,0.2175,-0.58,0.08
-0.404166667,-0.6725,-0.005,0.35,0.078333333,0.079166667
1.1425,0.558333333,0.123333333,0.185,-0.793333333,0.0875
-2.329166667,-1.595,-0.1475,0.365,0.726666667,0.049166667
2.078333333,1.095833333,0.164166667,-0.094166667,-0.725833333,0.0225
-1.154166667,-1.03,-0.0425,0.079166667,-0.135833333,0.035
-0.188333333,-0.028333333,0.005,0.078333333,-0.079166667,0.01
-0.529166667,-0.438333333,-0.0225,-0.180833333,-0.383333333,-0.025833333
0.629166667,0.408333333,0.040833333,0.204166667,0.12,0.0625
-0.29,-0.205,-0.016666667,-0.0875,-0.154166667,-0.014166667
-0.483333333,-0.153333333,-0.029166667,-0.239166667,0.515833333,-0.065833333
0.84,0.599166667,0.056666667,0.3275,-0.0275,0.069166667
-0.4425,-0.053333333,-0.040833333,-0.326666667,0.175833333,-0.075
0.365833333,0.691666667,-0.009166667,0.115,0.665833333,-0.031666667
1.4475,1.091666667,0.055,0.2175,0.3825,0.045
-0.844166667,-0.478333333,-0.07,-0.15,0.390833333,-0.058333333
-0.555833333,-0.021666667,-0.0925,-0.458333333,-0.050833333,-0.133333333
1.478333333,0.9575,0.090833333,-2.84E-14,-0.658333333,0.0325
-1.2325,-0.965,-0.084166667,-0.101666667,0.24,-0.035
0.685833333,0.451666667,0.0325,-0.4125,-0.539166667,-0.04
-0.871666667,-0.758333333,-0.0675,-0.055,0.125,-0.018333333
0.125,0.005,0.000833333,-0.004166667,0.2225,-0.020833333
-0.546666667,-0.143333333,-0.056666667,-0.0225,0.0325,-0.015
1.315,0.745,0.089166667,-0.105833333,0.0375,-0.0075
-0.525,-0.271666667,-0.041666667,0.035,-0.069166667,-0.005
-0.559166667,-0.440833333,-0.031666667,-0.0575,-0.2875,-0.0025
0.423333333,0.518333333,0.01,0.064166667,0.305833333,-0.009166667
0.821666667,0.315,0.054166667,-0.11,-0.1425,-0.015
-0.210833333,0.095,-0.0275,0.0675,0.114166667,-0.039166667
-0.314166667,0.045,-0.0475,0.0675,0.660833333,-0.025833333
0.784166667,0.361666667,0.061666667,-0.024166667,-0.673333333,0.029166667
-0.508333333,-0.5175,-0.021666667,0.041666667,0.559166667,-0.0325
-0.864166667,0.054166667,-0.063333333,0.235,0.115,-0.015833333
2.210833333,1.123333333,0.1675,-0.208333333,-0.37,0.031666667
-1.330833333,-0.986666667,-0.090833333,0.044166667,0.174166667,-0.0325
-0.278333333,-0.140833333,-0.031666667,0.011666667,0.205833333,0.006666667
0.905833333,0.37,0.09,-0.0875,-0.84,0.059166667
-1.3525,-0.976666667,-0.070833333,0.095,0.155,0.000833333
0.136666667,0.393333333,-0.030833333,0.136666667,0.634166667,-0.003333333
-0.1675,-0.008333333,0.009166667,0.006666667,-0.298333333,0.0175
0.848333333,0.308333333,0.081666667,0.000833333,-0.311666667,0.059166667
-0.1175,-0.175833333,0.010833333,0.1325,0.009166667,0.009166667
-0.215,-0.036666667,-0.0075,0.015,0.075833333,0.000833333
0.181666667,0.01,-0.005833333,0.095,0.251666667,0.015833333
0.111666667,0.216666667,0.003333333,0.021666667,0.039166667,-0.006666667
-0.586666667,-0.25,-0.031666667,0.2425,0.2575,-0.01
0.254166667,0.0825,0.015,0.035833333,-0.055833333,0.016666667
0.36,0.171666667,0.030833333,-0.028333333,-0.35,0.016666667
0.668333333,0.413333333,0.04,-0.105,0.084166667,-0.011666667
-1.6425,-0.924166667,-0.131666667,0.044166667,0.4,-0.0375
1.136666667,0.661666667,0.085833333,-0.199166667,-0.3275,0.005
-0.633333333,-0.216666667,-0.053333333,-0.07,-0.181666667,-0.025833333
0.215,-0.039166667,0.021666667,-0.233333333,-0.269166667,0
0.3975,0.170833333,0.05,-0.129166667,-0.18,0.0075
-0.366666667,-0.333333333,-0.0275,-0.035833333,0.028333333,0.003333333
-0.4675,-0.440833333,-0.028333333,0.0875,0.228333333,0.02
-0.1925,-0.1675,0.010833333,0.0375,-0.119166667,0.033333333
0.0875,-0.1725,0.016666667,0.0475,-0.605,0.015833333
0.368333333,0.165,0.015833333,0.0675,-0.038333333,0.033333333
0.2425,0.245833333,0.0175,0.065,0.360833333,0.02
-1.2625,-0.795,-0.099166667,0.110833333,0.353333333,-0.006666667
0.458333333,0.258333333,0.040833333,-0.030833333,-0.220833333,-0.0325
1.55,0.870833333,0.099166667,-0.164166667,-0.53,0.008333333
-2.385,-1.71,-0.1575,0.533333333,-0.0775,0.0625
2.035,1.019166667,0.169166667,-0.426666667,-1.0075,-0.006666667
-2.8325,-2.2275,-0.1775,0.099166667,0.020833333,-0.02
1.861666667,1.065,0.1325,-0.110833333,-0.6425,0.054166667
-2.641666667,-2.094166667,-0.141666667,-0.186666667,0.1975,-0.060833333
1.010833333,0.415,0.0775,-0.084166667,-0.493333333,-0.003333333
-0.740833333,-0.430833333,-0.0225,-0.150833333,0.03,-0.031666667
0.278333333,0.124166667,0.041666667,-0.205833333,-0.245833333,0.021666667
-0.316666667,0.03,0.005,-0.165833333,0.184166667,-0.05
-0.065833333,0.010833333,0.028333333,-0.286666667,-0.261666667,-0.043333333
1.38,0.776666667,0.136666667,0.475833333,0.038333333,0.120833333
-0.879166667,-0.650833333,-0.044166667,0.8375,0.47,0.15
0.104166667,0.445,0.024166667,-0.770833333,0.071666667,-0.155
1.296666667,0.92,0.109166667,1.173333333,0.710833333,0.1775
-0.718333333,-0.659166667,-0.051666667,-0.781666667,-0.265833333,-0.146666667
0.158333333,0.1775,0.013333333,-0.124166667,-0.214166667,-0.039166667
0.4875,0.536666667,0.055,0.665,0.41,0.119166667
0.669166667,0.8775,0.025833333,0.5,0.865833333,0.03
0.223333333,0.154166667,-0.055833333,0.7625,0.595,0.146666667
-0.658333333,-0.1875,-0.093333333,-1.155,-0.1375,-0.256666667
0.8025,0.433333333,0.0075,0.4975,0.0875,0.145833333
-0.816666667,-0.394166667,-0.101666667,-0.524166667,-0.123333333,-0.13
-0.434166667,-0.174166667,-0.085,-0.549166667,0.0475,-0.1
1.0475,0.955,0.025833333,0.24,0.166666667,0.040833333
-0.663333333,-0.328333333,-0.098333333,-0.3325,-0.181666667,-0.105833333
0.580833333,0.411666667,0.006666667,-0.4325,0.075833333,-0.035
-1.046666667,-0.62,-0.075,-0.295,0.284166667,-0.071666667
0.26,0.310833333,0.000833333,-0.003333333,-0.389166667,0.0025
1.059166667,0.6425,0.0925,0.18,0.02,0.033333333
-1.1975,-0.6525,-0.09,0.203333333,0.414166667,-0.035
0.764166667,0.3025,0.064166667,0.188333333,0.121666667,0.05
0.3075,-0.228333333,0.063333333,0.196666667,-0.6075,0.043333333
-0.998333333,-0.698333333,-0.061666667,0.3475,0.265,0.04
-0.120833333,0.110833333,-0.018333333,-0.268333333,-0.4375,-0.080833333
0.638333333,0.303333333,0.06,0.176666667,0.273333333,0.021666667
1.064166667,0.453333333,0.086666667,0.61,0.094166667,0.190833333
-1.079166667,-0.5925,-0.065,-0.185833333,-0.025833333,-0.040833333
0.320833333,0.385833333,-0.008333333,-0.083333333,0.108333333,-0.019166667
0.049166667,-0.0025,0.005833333,-0.13530303,-0.251439394,-0.010227273
0.291666667,-0.098333333,0.034166667,-0.10969697,-0.177727273,0.021893939
-0.661666667,-0.48,-0.0375,-0.191666667,-0.2425,-0.014166667
0.738333333,-0.025,0.071666667,-0.009166667,-0.740833333,0.050833333
-1.755833333,-1.016666667,-0.093333333,-0.1475,0.1925,-0.021666667
0.8525,0.421666667,0.053333333,0.189166667,-0.581666667,0.074166667
-0.828333333,-0.554166667,-0.0425,-0.176666667,0.128333333,-0.065833333
0.736666667,0.6625,0.04,0.076666667,0.14,0.038333333
-0.371666667,0.0775,-0.035833333,-0.085833333,0.388333333,-0.064166667
1.170833333,0.815833333,0.0425,-0.050833333,-0.205833333,-0.004166667
-0.008333333,0.08,-0.018333333,0.0925,0.540833333,-0.015833333
-0.65,-0.311666667,-0.04,0.141666667,0.4175,0.033333333
0.284166667,0.139166667,0.025833333,-0.143333333,0.166666667,-0.046666667
0.22,0.053333333,0.015833333,0.253333333,-0.560833333,0.061666667
-0.155833333,-0.164166667,-0.000833333,-0.0075,-0.0625,-0.003333333
0.6875,0.420833333,0.035,-0.129166667,0.000833333,-0.025833333
-1.019166667,-0.114166667,-0.100833333,0.1525,0.955833333,-0.039166667
1.690833333,1.521666667,0.070833333,-0.271666667,0.489166667,-0.076666667
-0.729166667,-0.455,-0.084166667,-0.2075,0.056666667,-0.109166667
0.058333333,0.240833333,-0.001666667,-0.165,0.174166667,-0.05
-0.505833333,-0.49,-0.0425,0.035,-0.280833333,0.01
0.15,0.084166667,0.020833333,-0.036666667,-0.499166667,0.005833333
-0.346666667,-0.5975,-0.0275,0.016666667,-0.170833333,-0.000833333
0.271666667,0.026666667,0.0125,-0.101666667,0.0625,-0.018333333
0.04,0.155,-0.006666667,-0.035,0.401666667,-0.015
-2.285833333,-1.49,-0.105,0.295,0.435,0.053333333
-2.0925,-1.516666667,-0.0975,1.086666667,0.853333333,0.166666667
0.716666667,0.898333333,0.059166667,0.258333333,0.593333333,0.049166667
1.365833333,1.143333333,0.103333333,0.369166667,0.365,0.085
3.195833333,2.2075,0.210833333,-0.430833333,-0.768333333,-0.04
0.3325,0.070833333,0.025,-0.253333333,0.060833333,-0.033333333
0.97,0.639166667,0.049166667,-0.135833333,0.0075,-0.044166667
0.7225,0.346666667,0.08,-0.2,-0.189166667,-0.029166667
4.491666667,2.494166667,0.355833333,-0.6825,-0.921666667,-0.234166667
1.505,0.779166667,0.125,7.0925,-1.258333333,-0.264166667
-3.099166667,-1.569166667,-0.346666667,-3.0575,0.895833333,-0.019166667
-0.355,-0.175833333,-0.084166667,3.8125,-0.206666667,-0.130833333
-0.685833333,-0.278333333,-0.075833333,0.248333333,0.024166667,-0.028333333
0.095833333,0.468333333,-0.0075,0.4075,0.991666667,-0.031666667
-1.5475,-0.533333333,-0.181666667,0.6525,0.899166667,-0.056666667
-0.735833333,-0.423333333,-0.085,0.551666667,1.160833333,-0.158333333
0.7025,0.668333333,0.058333333,0.355833333,0.1325,-0.0275
-1.038333333,-0.41,-0.106666667,0.266666667,0.499166667,0.075833333
0.615833333,0.35,0.0475,1.018333333,0.335,0.033333333
-0.4075,-0.159166667,-0.034166667,0.606666667,0.0725,0.028333333
0.870833333,0.614166667,0.071666667,-0.854166667,-0.168333333,-0.0775
-0.3725,-1.446666667,0.014166667,0.085833333,0.061666667,0.016666667
-0.01,-4.858333333,0.363333333,0.1925,0.364166667,0.076666667
3.551666667,1.715833333,0.371666667,0.804621212,0.53219697,-0.131590909
-2.670833333,-0.795,-0.3525,-0.757121212,0.313636364,-0.089242424
0.4325,0.413333333,0.0975,-0.818333333,-0.675,-0.015833333
-0.270833333,-0.313333333,-0.03,0.5975,0.215833333,0.103333333
-0.999166667,-0.104166667,-0.1,-1.1525,0.170833333,-0.053333333
2.305,0.639166667,0.283333333,1.586666667,-0.163333333,0.081666667
-0.429166667,-0.169166667,-0.044166667,0.0575,0.035,0.064166667
-1.264166667,-0.489166667,-0.145,-0.9625,-0.191666667,-0.095833333
1.164166667,0.4975,0.1525,0.224166667,-0.466666667,0.019166667
-2.704166667,-1.106666667,-0.255,-1.02,-0.165,-0.025
2.161666667,0.558333333,0.208333333,0.411666667,-0.016666667,0.05
2.8825,0.796666667,0.3575,1.731666667,-0.225833333,0.101666667
-0.926666667,-0.265,-0.1075,0.595,-0.0825,0.115
-4.189166667,-1.64,-0.471666667,1.015,0.2825,0.088333333
2.126666667,0.798333333,0.224166667,-1.7675,-0.495833333,-0.133333333
-3.498333333,-1.230833333,-0.370833333,1.258333333,0.748333333,0.240833333
-0.266666667,0.1525,-0.04,0.358333333,0.744166667,-0.010833333
3.090833333,1.285833333,0.340833333,1.205,0.360833333,0.066666667
-2.0325,-0.358333333,-0.215,-1.0425,0.191666667,-0.0125
1.183333333,0.4225,0.116666667,2.213333333,0.8475,0.156666667
-2.033333333,-0.695833333,-0.2325,-2.02,-0.2325,-0.0475
3.803333333,1.470833333,0.411666667,1.7525,0.323333333,0.016666667
-0.829166667,-0.273333333,-0.101666667,0.0125,0.16,0.074166667
-0.888333333,-0.291666667,-0.1325,1.915,0.13,0.179166667
0.2325,-0.05,0.0075,-0.571666667,-0.255833333,-0.113333333
-3.830833333,-1.1,-0.406666667,-0.8175,0.341666667,-0.039166667
0.156666667,0.109166667,0.02,0.075,0.344166667,0.035
-0.815,-0.033333333,-0.0675,-0.3975,0.215833333,-0.025833333
4.4225,1.4225,0.4425,4.8325,1.334166667,0.27
-0.325833333,-0.285833333,-0.043333333,0.335833333,-0.096666667,-0.134166667
-0.355833333,-0.07,-0.08,0.1575,-0.153333333,-0.024166667
-2.378333333,-0.895833333,-0.273333333,-1.508333333,-0.1175,-0.203333333
1.243333333,0.613333333,0.156666667,0.808333333,0.276666667,0.114166667
-2.018333333,-0.640833333,-0.2275,-0.955833333,0.31,-0.108333333
1.161666667,0.271666667,0.116666667,0.1675,0.025,0.015
0.518333333,0.328333333,0.066666667,0.660833333,0.060833333,0.105
-0.938333333,-0.47,-0.099166667,-0.3675,-0.130833333,-0.084166667
0.545,0.040833333,0.03,0.003333333,-0.314166667,-0.019166667
-1.154166667,-0.440833333,-0.124166667,-0.629166667,-0.2625,-0.076666667
1.013333333,0.32,0.12,-0.22,0.089166667,-0.005
1.618333333,0.566666667,0.155833333,1.575,-0.254166667,0.155833333
-2.789166667,-0.985833333,-0.330833333,-1.1075,-0.101666667,-0.1525
0.405,0.105,0.018333333,0.141666667,-0.024166667,-0.013333333
-0.881666667,-0.364166667,-0.085833333,-0.32,0.1325,-0.061666667
1.636666667,0.424166667,0.1675,0.350833333,-0.184166667,0.0425
0.2775,0.326666667,0.01,1.166666667,0.2275,0.085
-1.0925,-0.47,-0.1475,-0.485,-0.05,-0.141666667
-1.461666667,-0.3325,-0.1475,0.011666667,0.4375,0.05
1.276666667,0.3475,0.1425,0.854166667,0.150833333,0.1075
-0.521666667,-0.129166667,-0.055833333,-0.0475,-0.175,-0.033333333
-1.235833333,-0.433333333,-0.1025,-1.5375,-0.158333333,-0.073333333
3.536666667,0.88,0.4525,0.7325,-0.690833333,0.163333333
-0.9125,-0.2575,-0.02,-0.481666667,0,0.080833333
1.3725,0.285,0.195,0.0275,-0.091666667,0.07
-0.744166667,-0.324166667,-0.049166667,-0.5925,-0.0825,0.048333333
0.055,-0.114166667,0.0275,-0.54,0.079166667,-0.003333333
1.345,0.405833333,0.131666667,0.615,-0.285,0.0575
-0.425833333,-0.2175,-0.094166667,-0.215833333,-0.0975,-0.071666667
-0.356666667,-0.2625,-0.106666667,0.141666667,-0.634166667,-0.109166667
-0.78,-0.423333333,-0.055,-0.8575,0.068333333,-0.028333333
-0.1225,-0.2375,-0.0275,-0.1975,-0.026666667,-0.014166667
2.771666667,0.965833333,0.369166667,0.885,-0.595833333,0.161666667
-2.008333333,-0.914166667,-0.2375,0.323333333,-0.064166667,0.059166667
0.121666667,-0.046666667,0.0225,-0.524166667,-0.45,-0.025
-3.513333333,-1.275833333,-0.2825,-1.740833333,0.405833333,-0.06
4.259166667,1.736666667,0.431666667,1.086666667,0.126666667,0.140833333
-0.655,-0.066666667,-0.071666667,0.088333333,-0.400833333,0.004166667
-0.608333333,-0.32,-0.0275,-0.275833333,0.224166667,-0.0325
0.969166667,0.370833333,0.07,0.69,0.086666667,0.008333333
-2.589166667,-1.108333333,-0.308333333,-1.055530303,0.390378788,-0.114015152
-1.344166667,-0.17,-0.143333333,-0.50530303,-0.034545455,-0.101818182
5.52,2.235,0.551666667,1.1425,0.021666667,-0.035833333
1.564166667,0.548333333,0.181666667,1.855,0.261666667,0.093333333
-1.063333333,-0.419166667,-0.178333333,-0.553333333,-0.461666667,-0.158333333
-3.556666667,-1.345833333,-0.448333333,-1.3525,-0.055,-0.181666667
0.945,0.325833333,0.1125,0.144166667,0.424166667,-0.0375
-1.136666667,-0.359166667,-0.1375,-0.2975,-0.205833333,-0.056666667
0.0225,-0.161666667,0.01,-0.484166667,0.185833333,-0.0275
0.216666667,0.1975,0.031666667,0.295,-0.351666667,0.051666667
1.833333333,0.68,0.200833333,0.739166667,0.036666667,0.078333333
-0.089166667,-0.013333333,-0.011666667,1.043333333,-0.080833333,0.0725
-0.73,-0.173333333,-0.1175,-0.254166667,0.12,-0.079166667
-1.334166667,-0.426666667,-0.145833333,-0.644166667,0.073333333,-0.0925
1.300833333,0.54,0.153333333,0.838333333,0.6825,0.0275
-1.85,-0.563333333,-0.264166667,0.156666667,0.041666667,0.025833333
-0.5175,-0.095,-0.080833333,-0.309166667,0.126666667,-0.0675
-0.561666667,-0.005,-0.049166667,-0.1975,0.643333333,-0.001666667
1.195,0.555833333,0.125,1.111666667,-0.065,0.105833333
-1.885833333,-0.683333333,-0.241666667,-1.2175,0.39,-0.175
2.745,0.9925,0.296666667,0.451666667,-0.155833333,0.006666667
-0.454166667,0.075833333,-0.070833333,-0.116666667,0.1325,-0.070833333
1.2925,0.348333333,0.169166667,0.915833333,-0.16,0.1225
0.598333333,0.334166667,0.069166667,0.065,0.079469697,0.01
-1.690833333,-0.519166667,-0.221666667,-0.4725,0.39719697,-0.054166667
-0.0475,-0.028333333,0.015,-0.675833333,0.055833333,-0.039166667
0.703333333,0.1425,0.093333333,0.286515152,-0.032121212,0.073333333
1.161666667,0.320833333,0.15,0.380151515,-0.321212121,0.085833333
-0.718333333,-0.254166667,-0.078333333,-0.235833333,-0.023333333,0.001666667
0.238333333,0.0375,0.04,0.399166667,-0.200833333,0.0325
-1.524166667,-0.634166667,-0.195833333,0.3,0.285833333,0.075
0.908333333,0.5325,0.143333333,0.283333333,-0.128333333,0.021666667
-0.819166667,-0.334166667,-0.101666667,-0.148333333,0.175,-0.038333333
-1.8075,-0.541666667,-0.196666667,-1.2525,0.038333333,-0.129166667
1.414166667,0.475,0.158333333,1.249166667,0.083333333,0.156666667
0.23,0.151666667,0.028333333,-0.25,-0.2125,-0.075833333
-1.608333333,-0.555833333,-0.171666667,-0.901666667,0.52,-0.065
2.055833333,0.719166667,0.249166667,1.6325,-0.2475,0.195833333
-1.72,-0.639166667,-0.2,-0.81,-0.374166667,-0.045833333
1.1975,0.305833333,0.136666667,0.170833333,-0.079166667,0.0125
0.135833333,0.1425,0.025,0.245833333,0.206666667,0.038333333
-0.635,-0.270833333,-0.073333333,-0.328333333,-0.0075,-0.053333333
1.689166667,0.5275,0.1825,0.168333333,0.118333333,0.006666667
-1.769166667,-0.503333333,-0.220833333,0.255,3.55E-15,0.029166667
-0.756666667,-0.151666667,-0.065,-1,0.161666667,-0.125833333
2.178333333,0.631666667,0.208333333,1.516666667,-0.150833333,0.1975
-2.115,-0.7175,-0.258333333,-1.2475,0.199166667,-0.1725
2.639166667,1.070833333,0.346666667,0.684166667,0.075833333,0.020833333
0.46,0.210833333,0.035,0.28,-0.09,-0.029166667
-1.943333333,-0.745,-0.266666667,0.204166667,-0.446666667,0.004166667
-0.238333333,0.0125,-0.021666667,-0.880833333,0.461666667,-0.1525
0.6125,0.183333333,0.070833333,1.500833333,-0.016666667,0.1275
0.013333333,0.126666667,0.001666667,-3.7225,-0.463333333,-0.4825
0.709166667,0.301666667,0.075,-1.345833333,0.1225,-0.25
-0.884166667,-0.200833333,-0.080833333,-1.935833333,0.3625,-0.166666667
2.230833333,0.8825,0.285833333,1.045833333,0.525,0.159166667
-5.1525,-1.9375,-0.573333333,-0.933333333,0.156666667,0.030833333
-4.066666667,-1.606666667,-0.285,0.098333333,0.250833333,0.33
-1.3525,-0.445833333,-0.079166667,1.93,0.0325,0.533333333
6.2975,2.650833333,0.609166667,-0.41,-0.276666667,-0.044166667
4.433333333,1.5475,0.410833333,0.528333333,0.266666667,-0.1625
-0.8475,-0.334166667,-0.12,0.985833333,-0.266666667,0.1575
0.123333333,-0.045,0.0075,-0.692348485,-0.042575758,-0.150606061
0.014166667,0.045833333,-0.0175,0.453181818,0.029242424,0.003106061
0.215,-0.0075,-0.020833333,1.128333333,0.006666667,0.103333333
-0.045,-0.030833333,-0.0175,1.840833333,-0.315833333,0.143333333
-0.536666667,-0.304166667,-0.07,-0.201666667,-0.08,-0.145
0.3525,0.161666667,0.025,0.556666667,-0.169166667,0.015
-0.751666667,-0.3425,-0.088333333,0.059166667,-0.134166667,-0.080833333
0.284166667,0.195833333,0.0325,-0.189166667,0.315833333,-0.060833333
-0.409166667,-0.138333333,-0.033333333,0.2175,0.033333333,-0.025
-0.968333333,-0.254166667,-0.154166667,0.314166667,-0.101666667,0.048333333
-0.185,0.1075,-0.036666667,-0.658333333,0.295833333,-0.080833333
0.499166667,0.31,0.085833333,-0.964166667,0.041666667,-0.074166667
-0.5775,0.054166667,-0.070833333,-2.0775,0.179166667,-0.243333333
0.945833333,0.136666667,0.130833333,-0.22,0.005,0.043333333
-0.308333333,-0.128333333,-0.031666667,0.680833333,0.261666667,0.17
1.34,0.3475,0.170833333,0.1075,-0.418333333,0.06
1.658333333,0.81,0.1525,1.1,2.520833333,-0.140833333
0.32,-0.155833333,0.034166667,0.784166667,1.0275,-0.165833333
-0.145,-0.105833333,-0.06,-0.2025,0.235,-0.156666667
-0.24,-0.073333333,-0.07,-0.585833333,-0.239166667,-0.1725
-0.7425,-0.308333333,-0.156666667,-1.33,-0.3075,-0.144166667
0.318333333,-0.1075,0.075,-0.0425,0.170833333,-0.060833333
-0.410833333,-0.1875,-0.069166667,-1.079166667,-0.525833333,-0.126666667
-0.058333333,-0.2325,0.023333333,-0.2,0.263333333,-0.038333333
-0.296666667,-0.220833333,-0.029166667,-0.93,-0.201666667,-0.0675
-0.289166667,-0.129166667,-0.024166667,2.645,0.318333333,0.349166667
0.340833333,0.106666667,0.103333333,1.659848485,-0.723636364,0.244090909
-2.149166667,-0.4375,-0.43,-0.119015152,-0.045530303,0.035075758
0.681666667,0.109166667,0.173333333,-1.5775,-0.351666667,-0.1825
-0.469166667,0.05,-0.079166667,-3.476666667,-0.64,-0.301666667
0.495,0.040833333,0.08,-0.868333333,-0.0525,-0.056666667
1.2725,0.256666667,0.245,0.344166667,0.311666667,0.0675
-0.396666667,-0.096666667,-0.063333333,-0.045,-0.050833333,0.109166667
0.2425,-0.021666667,0.058333333,-0.9975,-0.139166667,-1.78E-15
0.468333333,-0.091666667,0.078333333,0.836666667,-0.095,0.146666667
0.933333333,0.096666667,0.174166667,0.354166667,-0.55,0.113333333
0.44,-0.148333333,0.109166667,-0.261666667,-0.255,-0.0075
-0.65,-0.394166667,-0.090833333,0.316666667,-0.016666667,0.043333333
0.9575,0.478333333,0.136666667,0.175833333,-0.006666667,-0.095833333
-1.073333333,-0.376666667,-0.203333333,-0.8625,-0.236666667,-0.026666667
0.120833333,0.101666667,0.019166667,-0.864166667,-0.025,-0.111666667
-0.078333333,-0.149166667,-0.010833333,1.32,-0.0025,0.069166667
0.536666667,0.105833333,0.1075,-0.499166667,-0.060833333,-0.014166667
-0.395,-0.086666667,-0.076666667,-0.663333333,-0.143333333,-0.060833333
-0.445833333,-0.120833333,0.000833333,-0.075,0.106666667,0.02
0.7125,0.375,0.08,-0.543333333,0.106666667,-0.068333333
0.363333333,0.1575,0.0875,1.359166667,-0.120833333,0.146666667
0.785833333,0.083333333,0.136666667,0.7225,0.498333333,-0.015
-0.9375,-0.34,-0.158333333,-0.734166667,-0.354166667,0.004166667
0.145,-0.0275,0.035,1.1025,0.4025,0.005833333
0.0925,-0.02,0.005833333,-1.158333333,-0.955833333,-0.080833333
-0.209166667,-0.186666667,-0.034166667,-0.805833333,-0.589166667,-0.024166667
-0.658333333,-0.395833333,-0.0975,-1.3375,-0.5175,-0.074166667
0.6225,-0.034166667,0.0975,0.811666667,0.345833333,0.076666667
0.041666667,-0.113333333,0.03,0.981666667,-0.753333333,0.240833333
0.368333333,0.104166667,0.044166667,-0.8775,-1.226666667,0.041666667
-0.58,-0.305,-0.076666667,-0.283333333,-0.094166667,0.0025
0.161666667,-0.055833333,0.039166667,-0.990833333,-0.636666667,-0.046666667
0.030833333,-0.088333333,0.018333333,2.060833333,0.178333333,0.229166667
-0.714166667,-0.275833333,-0.100833333,-0.346666667,-0.220833333,-0.055833333
0.550833333,-0.015,0.056666667,0.61,-0.118333333,0.040833333
-0.31,-0.054166667,-0.034166667,-0.440833333,-0.089166667,-0.086666667
0.484166667,0.033333333,0.075833333,0.5275,-0.286666667,0.06
-0.7825,-0.185833333,-0.069166667,-0.426666667,-0.475,0.040833333
0.446666667,0.034166667,0.045,-0.528333333,-0.200833333,0.015
0.0575,-0.055,0.024166667,-0.43,-0.000833333,0.041666667
0.175833333,0.051666667,0.045,3.341666667,0.818333333,0.400833333
-0.1925,0.045,-0.01,-0.928333333,-0.433333333,-0.0225
-0.470833333,-0.109166667,-0.015833333,0.531666667,-0.615,0.093333333
-3.6275,0.645833333,-0.055,-0.579166667,0.406666667,0.115
-2.804166667,-0.380833333,-0.055833333,0.778333333,0.07,0.31
-0.765,-0.27,0.04,-1.858333333,-0.490833333,-0.026666667
1.278333333,0.315,0.156666667,-1.8825,0.115,0.1925
-0.954166667,-0.366666667,-0.026666667,-7.9125,-0.620833333,0.048333333
0.886666667,0.303333333,0.06,0.339166667,1.0125,0.141666667
3.288333333,-0.450833333,0.0125,3.1875,-0.045833333,-0.08
4.915833333,0.195,0.178333333,7.665,0.281666667,-0.135
0.1125,-0.3125,-0.065833333,-0.570833333,-0.609166667,-0.241666667
-0.245833333,0.174166667,-0.068333333,0.294545455,-0.283257576,-0.207651515
-1.245,-0.505833333,-0.151666667,0.130454545,-0.265909091,-0.151515152
-0.415833333,-0.219166667,-0.0675,0.08,-0.7325,-0.161666667
-0.9325,-0.27,-0.104166667,-0.599166667,-0.1025,-0.2075
-0.310833333,-0.066666667,-0.041666667,-0.109166667,-0.19,-0.143333333
-2.573333333,-1.0475,-0.273333333,-1.538333333,0.589166667,-0.201666667
-4.3275,-2.019166667,-0.369166667,-0.801666667,0.668333333,0.079166667
0.9125,0.854166667,0.169166667,0.125,0.995,0.165
0.001666667,0.136666667,0.0625,1.681666667,1.1975,0.36
3.7625,2.145833333,0.370833333,0.978333333,0.055,0.123333333
0.1275,-0.419166667,-0.034166667,-0.911666667,-0.605,-0.0675
1.099166667,0.586666667,0.13,1.158333333,-0.076666667,0.146666667
-1.845833333,-0.698333333,-0.1375,-2.503333333,-0.839166667,-0.089166667
2.2675,0.294166667,0.184166667,3.279166667,1.003333333,0.319166667
-0.980833333,-0.445,0.009166667,0.311666667,-0.143333333,0.085833333
0.7125,0.779166667,0.0725,0.508333333,-0.1975,-0.000833333
-0.6025,-0.126666667,-0.08,-1.761666667,-0.3275,-0.194166667
1.531666667,0.638333333,0.165,-0.444166667,-0.319166667,-0.11
0.850833333,0.353333333,0.05,1.3625,0.3675,0.060833333
-0.9075,-0.410833333,-0.090833333,-0.919166667,-0.493333333,-0.123333333
0.2625,-0.005,0.03,0.710833333,0.0325,0.046666667
0.474166667,0.201666667,0.029166667,1.260227273,0.106060606,0.063106061
-0.391666667,-0.0425,-0.068333333,-0.611060606,-0.228560606,-0.124772727
-0.29,0.088333333,-0.0425,0.5725,0.661666667,-0.033333333
-0.371666667,-0.045833333,-0.051666667,-0.279166667,0.508333333,-0.0725
-0.268333333,-0.031666667,-0.026666667,-0.9375,-0.0875,-0.143333333
0.3075,0.181666667,0.02,0.630833333,0.330833333,0.055833333
0.274166667,0.245,0.0325,0.328333333,0.021666667,0.03
-0.165833333,-0.058333333,-0.030833333,0.455,0.120833333,0.030833333
-0.010833333,-0.061666667,0.009166667,-0.779166667,0.2025,-0.093333333
0.469166667,0.23,0.028333333,1.995833333,0.3225,0.188333333
-0.366666667,-0.096666667,-0.055,-1.3175,-0.399166667,-0.138333333
-0.061666667,-0.144166667,-0.001666667,-0.775833333,-0.014166667,-0.089166667
0.533333333,0.144166667,0.05,1.601666667,-0.330833333,0.194166667
-0.7125,-0.455,-0.091666667,-1.78,-0.035,-0.186666667
0.493333333,0.228333333,0.040833333,1.38,0.3275,0.110833333
-0.5525,-1.2,-0.031666667,-1.4775,-0.465833333,-0.138333333
1.075833333,0.225833333,0.120833333,1.585833333,0.393333333,0.151666667
-0.970833333,-0.289166667,-0.140833333,-0.965,0.101666667,-0.1275
0.98,0.891666667,0.1225,0.836666667,0.415833333,0.086666667
-1.0925,0.32,-0.12,-1.085833333,-0.203333333,-0.13
0.325,0.110833333,0.0625,-0.013333333,-0.06,-0.006666667
0.0775,0.028333333,0.025833333,1.350833333,-0.1525,0.1875
-0.604166667,-0.25,-0.0675,-1.789166667,-0.506666667,-0.176666667
0.3125,0.026666667,0.040833333,0.843333333,0.32,0.084166667
-0.165,-0.078333333,0.004166667,-0.156666667,-0.415,0.018333333
0.225833333,0.059166667,-0.005,0.9575,0.246666667,0.098333333
-0.3075,-0.0475,-0.048333333,-1.5675,0.263333333,-0.200833333
0.160833333,0.131666667,0.029166667,1.699166667,0.599166667,0.160833333
-0.69,-0.149166667,-0.086666667,-0.5575,-0.438333333,-0.068333333
0.1975,0.1525,-0.013333333,0.075,0.591666667,-0.038333333
0.196666667,0.060833333,0.026666667,-0.2225,-0.143333333,-0.035833333
-0.200833333,-0.11,-0.031666667,0.585,-0.178333333,0.060833333
0.1625,-0.045833333,0.011666667,0.161666667,0.206666667,0.005
-0.395,-0.128333333,-0.065,-1.010833333,-0.980833333,-0.120833333
-0.14,-0.065833333,0.0175,-0.251666667,0.419166667,-0.095833333
0.735833333,0.238333333,0.06,1.4525,0.441666667,0.158333333
-0.608333333,-0.169166667,-0.084166667,0.534166667,0.138333333,0.0275
-0.01,0.24,-0.009166667,-0.071666667,0.006666667,-0.054166667
-0.353333333,0.158333333,-0.035833333,-5.193333333,-0.000833333,-0.615
0.079166667,0.131666667,-0.01,-0.529166667,0.6925,-0.150833333
0.056666667,0.168333333,0.054166667,0.943333333,0.371666667,0.179166667
0.230833333,0.01,0.015833333,0.373333333,-0.135833333,0.1175
-0.119166667,-0.080833333,0.021666667,-0.580833333,0.4575,-0.035
0.169166667,0.036666667,-0.045833333,0.349166667,-0.385,0.116666667
0.316666667,0.25,-0.0725,-0.129166667,0.7275,-0.110833333
0.4225,0.204166667,0.020833333,1.209166667,0.014166667,0.156666667
-0.424166667,-0.153333333,-0.040833333,-0.175833333,0.150833333,-0.0325
0.614166667,0.1125,0.063333333,-0.959166667,0.080833333,-0.105833333
-0.4925,-0.151666667,-0.0675,0.088333333,-0.461666667,0.01
0.114166667,0.143333333,0.005833333,0.200833333,-0.015,0.029166667
0.365833333,0.039166667,0.0425,0.561666667,0.041666667,0.058333333
-0.608333333,-0.22,-0.0475,-1.0225,0.180833333,-0.0925
0.0775,-0.010833333,0.02,-0.724166667,-0.1725,-0.070833333
0.781666667,0.365,0.0725,2.323333333,0.1075,0.285833333
-0.975833333,-0.436666667,-0.11,-0.2475,-0.236666667,-0.054166667
0.24,0.2125,0.058333333,-1.436666667,0.2225,-0.1675
0.644166667,0.209166667,0.071666667,1.553333333,-0.094166667,0.209166667
-0.545833333,-0.221666667,-0.068333333,-0.2075,0.16,-0.0475
0.234166667,0.19,0.0275,0.188333333,0.36,-0.023333333
-0.11,-0.089166667,-0.0175,-0.0275,-0.1025,0.013333333
-0.309166667,-0.218333333,-0.02,-1.4975,-0.576666667,-0.141666667
0.221666667,0.016666667,0.021666667,1.2075,0.035,0.165
0.214166667,0.0575,0.03,-0.788333333,-0.339166667,-0.094166667
-0.515,-0.225833333,-0.073333333,0.845,0.2175,0.171666667
-0.183333333,-0.089166667,-0.0075,-1.813333333,-0.158333333,-0.230833333
0.469166667,0.12,0.064166667,0.825,0.113333333,0.115
-0.121666667,0,-0.0025,-0.570833333,-0.2825,-0.033333333
0.840833333,0.223333333,0.074166667,0.25,0.424166667,0.004166667
-0.630833333,-0.208333333,-0.07,1.63,-0.010833333,0.205
-0.603333333,-0.195,-0.071666667,-0.890833333,-0.265,-0.099166667
0.8525,0.335833333,0.075833333,1.619393939,0.784924242,0.092121212
-0.825833333,-0.006666667,-0.08,-0.523560606,-0.507424242,-0.005454545
0.503333333,0.120833333,0.059166667,1.114166667,0.783333333,0.0325
-0.234166667,-0.05,-0.033333333,-0.96,-0.228333333,-0.100833333
-0.081666667,-0.169166667,-0.035,2.036666667,-0.1575,0.214166667
-0.689166667,-0.405,-0.099166667,2.1675,1.768333333,-0.125
-0.123333333,0.075833333,-0.003333333,-0.041666667,0.13,-0.1625
0.185833333,-0.220833333,0.008333333,0.824166667,-0.2525,0.084166667
0.006666667,0.048333333,-0.005833333,-0.8925,-0.81,-0.106666667
0.3,-0.080833333,0.014166667,-0.794166667,-0.808333333,-0.030833333
-0.206666667,-0.0475,-0.039166667,0.629166667,0.03,0.085
0.08,-0.1025,0,-0.891666667,-0.088333333,-0.135833333
0.354166667,0.283333333,0.054166667,0.508333333,0.473333333,0.068333333
-0.328333333,-0.095,-0.0275,-0.643333333,-0.105833333,-0.045833333
0.53,0.205,0.058333333,1.830833333,-0.173333333,0.266666667
-0.343333333,-0.019166667,-0.066666667,-1.660833333,0.09,-0.221666667
0.825,0.305833333,0.135833333,-1.131666667,0.068333333,-0.2175
-0.4375,-0.111666667,-0.0675,0.435833333,-0.101666667,0.11
0.465833333,0.0075,0.060833333,-0.245833333,0.296666667,-0.030833333
-0.506666667,0.1025,-0.044166667,-2.653333333,-1.508333333,0.000833333
0.7225,0.3125,0.093333333,0.985833333,-0.150833333,0.27
-0.465,-0.1875,-0.075,-0.1125,0.153333333,-0.055833333
0.615,0.028333333,0.028333333,0.3825,-0.129166667,0.0575
-0.598333333,0.0675,-0.005,-0.996666667,0.113333333,-0.081666667
0.225,-0.11,-0.025,0.4225,0.0575,0.055833333
0.059166667,0.2525,0.041666667,0.125,0.325833333,-0.008333333
0.0975,0.16,0.006666667,0.135,0.046666667,0.021666667
-0.028333333,0.0875,-0.010833333,0.811666667,0.310833333,0.079166667
0.2375,0.133333333,0.0225,-0.161666667,0.050833333,-0.044166667
-0.184166667,0.143333333,-0.030833333,0.5,0.3575,0.004166667
0.321666667,0.269166667,0.0325,-0.43,0.218333333,-0.095
-0.000833333,-0.000833333,-0.005833333,1.479166667,0.305,0.1525
-0.003333333,-0.1275,-0.025,0.059166667,-0.744166667,0.005833333
-0.513333333,-0.063333333,-0.075,-1.024166667,0.121666667,-0.151666667
0.325,0.048333333,0.045833333,0.416666667,-0.096666667,0.011666667
-0.338333333,-0.158333333,-0.054166667,-0.6875,-0.103333333,-0.085
0.331666667,0,0.031666667,0.02,0.55,-0.0725
-0.22,0.055833333,0.009166667,-0.535,-0.310833333,-0.005
0.19,0.110833333,0.02,-0.260833333,-0.0875,-0.055833333
-0.430833333,-0.086666667,-0.048333333,0.1775,0.364166667,0.004166667
0.430833333,0.285,0.041666667,0.176666667,0.33,0.0225
0.280833333,0.399166667,0.024166667,0.179469697,0.465454545,-0.009621212
-0.063333333,0.108333333,-0.039166667,0.088863636,-0.022121212,-0.037878788
0.268333333,0.208333333,0.0425,0.363333333,0.445833333,0.03
-0.045,-0.14,0.001666667,1.3075,-0.2325,0.163333333
-0.753333333,-0.276666667,-0.0975,0.611666667,0.1575,0.080833333
0.1,-0.233333333,-0.084166667,0.549166667,-0.3175,0.071666667
-0.296666667,0.033333333,-0.04,-1.744166667,-0.095,-0.261666667
0.376666667,0.139166667,0.053333333,-0.503333333,0.2125,-0.126666667
0.171666667,0.005833333,0.030833333,-0.013333333,-0.123333333,0.034166667
-0.49,-0.126666667,-0.065,0.3125,-0.285,0.024166667
-0.040833333,-0.041666667,-0.024166667,-0.553333333,0.478333333,-0.111666667
0.128333333,0.373333333,0.019166667,-0.148333333,0.145833333,-0.0675
0.254166667,0.03,0.010833333,0.086666667,0.493333333,-0.01
-0.248333333,0.021666667,-0.020833333,1.225,0.609166667,0.140833333
-0.805833333,-0.28,-0.1225,-0.631666667,-0.496666667,-0.053333333
2.365,1.399166667,0.25,0.315833333,0.3525,-0.081666667
-0.363333333,0.125,-0.0875,1.181666667,0.0775,0.134166667
-0.466666667,0.266666667,-0.143333333,-1.956666667,-0.1175,-0.250833333
0.44,0.040833333,0.0675,-2.066666667,-0.328333333,-0.274166667
0.0925,0.15,0.009166667,0.281666667,0.555833333,-0.0175
0.393333333,-0.2175,0.101666667,-0.714166667,-0.15,-0.08
-0.231666667,0.346666667,-0.086666667,-1.1125,0.143333333,-0.0775
0.628333333,3.55E-15,0.148333333,0.8775,0.1275,0.04
0.1075,-0.034166667,0.005833333,-1.2325,-0.38,-0.033333333
-0.396666667,0.081666667,-0.069166667,-0.279166667,0.060833333,-0.020833333
1.108333333,0.320833333,0.1625,0.328333333,0.175833333,0.014166667
0.563333333,0.398333333,-0.010833333,0.9825,-0.1225,0.171666667
0.160833333,0.296666667,0.001666667,-0.965833333,0.003333333,-0.116666667
0.223333333,-0.17,0.108333333,0.274166667,0.185833333,0.043333333
-0.01,0.0375,0.078333333,0.769166667,-0.194166667,0.1475
0.264166667,0.05,0.015833333,-1.245,0.075,-0.111666667
0.1475,-0.18,0.064166667,0.9425,-0.1875,0.143333333
0.418333333,0.061666667,0.09,-0.9,-0.1625,-0.098333333
0.256666667,0.015833333,0.079166667,-0.165833333,0.15,-0.0125
-0.040833333,-0.098333333,0.005833333,0.5125,-0.088333333,0.08
-0.094166667,0.153333333,-0.0325,-0.830833333,-0.0925,-0.075833333
0.0225,-0.049166667,0.015833333,0.3625,0.08,-0.021666667
0.1325,-0.065833333,0.0375,-0.784166667,0.0575,-0.019166667
-0.1675,-0.026666667,-0.019166667,1.333333333,0.211666667,0.116666667
0.19,0.0025,0,-0.667954545,-0.056439394,0.014545455
0.223333333,0.0275,0.06,0.110454545,0.112272727,-0.039545455
0.0525,0.000833333,0.019166667,0.49,-0.333333333,0.116666667
0.261666667,-0.025,0.015833333,-1.195,0.2225,-0.120833333
0.468333333,0.020833333,0.0525,-0.130833333,0.4425,0.015
0.625833333,0.435,-0.0425,0.565833333,0.06,0.121666667
-0.684166667,0.029166667,-0.085,-0.891666667,-0.875833333,-0.061666667
0.271666667,-0.053333333,0.046666667,0.0625,0.0275,-0.040833333
0.034166667,-0.000833333,0.073333333,0.904166667,-0.185,0.133333333
-0.186666667,0.075,-0.038333333,-1.003333333,-0.508333333,-0.050833333
0.295833333,-0.081666667,0.081666667,0.335,0.189166667,-0.013333333
-0.189166667,-0.143333333,-0.041666667,-0.650833333,-0.345,-0.026666667
0.253333333,-0.165833333,0.095,0.694166667,0.065,0.08
1.246666667,0.183333333,0.155833333,-0.145833333,-0.720833333,0.03
0.093333333,-0.056666667,0.033333333,-0.673712121,-0.426060606,-0.131136364
0.058333333,-0.088333333,0.0225,-0.442121212,0.011893939,-0.063030303
0.683333333,0.1675,0.063333333,0.660833333,0.603333333,0.079166667
-0.628333333,-0.1475,-0.010833333,-0.61,-0.736666667,0.0275
0.430833333,-0.053333333,0.019166667,0.8075,0.355,0.105833333
-0.151666667,-0.084166667,0.049166667,-1.364166667,-0.838333333,-0.009166667
0.0575,-0.07,0.045833333,0.116666667,0.3825,-0.018333333
0.156666667,0.048333333,0.038333333,0.370833333,-0.223333333,0.0875
0.114166667,-0.0125,0.0075,1.415,0.116666667,0.233333333
0.05,-0.0025,-0.016666667,0.079166667,-0.154166667,0.026666667
0.121666667,-0.0625,-0.015833333,0.844166667,0.4825,0.015
-0.424166667,0.021666667,-0.044166667,-0.28,-0.120833333,-0.056666667
-0.409166667,-0.065833333,-0.076666667,0.116666667,-0.114924242,-0.03780303
0.294166667,-0.001666667,-0.035,2.371666667,0.158257576,0.24780303
-0.345833333,0.125,-0.081666667,-0.760833333,-0.188333333,-0.149166667
0.040833333,-0.003333333,-0.02,0.23,0.423333333,-0.054166667
0.005833333,-0.086666667,-0.035,0.66,-0.581666667,0.080833333
-0.430833333,-0.2025,-0.06,-1.3325,-0.105833333,-0.203333333
-0.335,-0.1475,-0.02,-0.549166667,-0.490833333,-0.085
0.31,0.103333333,0.008333333,1.224166667,0.6775,0.181666667
-0.318333333,-0.066666667,-0.033333333,-0.1775,-0.305833333,0.014166667
0.36,0.055,0.0625,0.005833333,-0.3275,0.026666667
-0.475,-0.079166667,-0.009166667,-2.065833333,0.029166667,-0.19
0.520833333,0.095833333,0.0475,1.414166667,0.094166667,0.145833333
0.185,-0.0125,0.050833333,-1.031666667,-0.38,-0.0575
-1.634166667,-0.574166667,-0.0925,-0.55,0.058333333,0.036666667
-1.56,-0.9275,-0.0675,0.306666667,-0.020833333,0.133333333
-2.899166667,-1.071666667,-0.364166667,-0.221666667,0.378333333,0.146666667
0.840833333,0.224166667,0.135833333,-0.068333333,-0.523333333,0.073333333
-0.046666667,0.171666667,0.01,1.059166667,0.525,0.191666667
-0.453333333,-0.23,0.0825,-0.73,-0.403333333,0.06
0.5425,0.220833333,0.150833333,0.085,0.580833333,-0.045
0.115,-0.0925,0.015,0.153333333,-0.261666667,0.09
-0.2575,-0.125,-0.024166667,0.278333333,-0.5525,0.096666667
-0.101666667,0.153333333,-0.011666667,-0.246666667,-0.453333333,0.054166667
0.404166667,0.265,0.015833333,-0.274166667,0.400833333,-0.081666667
0.413333333,0.334166667,0.045,2.010833333,0.366666667,0.155833333
-1.055833333,-0.25,-0.113333333,-0.83,0.121666667,-0.1625
0.459166667,0.083333333,0.021666667,0.0125,-0.140833333,-0.049166667
0.198333333,0.0275,0.03,-0.054166667,0.2875,-0.039166667
0.069166667,0.098333333,0.014166667,0.740833333,0.070833333,0.064166667
-0.311666667,-0.196666667,-0.035,-0.2225,-0.149166667,-0.008333333
-0.044166667,0.091666667,0.021666667,-1.716666667,-0.061666667,-0.193333333
0.205833333,0.214166667,0.004166667,1.561666667,0.488333333,0.138333333
0.546666667,0.268333333,0.031666667,0.445833333,-0.100833333,0.039166667
-0.263333333,0.084166667,-0.01,-0.241666667,0.201666667,-0.05
0.265833333,-0.1075,0.006666667,-0.901666667,-0.066666667,-0.094166667
-0.23,-0.070833333,-0.031666667,2.484166667,0.370833333,0.279166667
0.275833333,0.138333333,0.01,-1.445833333,-0.205833333,-0.154166667
-0.1275,-0.069166667,0.008333333,-0.683333333,0.013333333,-0.088333333
0.445833333,0.176666667,0.011666667,1.208333333,0.0675,0.148333333
-0.211666667,0.071666667,-0.0075,0.135833333,0.314166667,-0.075
0.555,0.2025,0.045833333,0.256666667,0.280833333,0.008333333
-0.73,-0.1125,-0.090833333,-0.116666667,0.149166667,-0.0575
0.196666667,0.171666667,-0.009166667,-0.1,0.193333333,-0.100833333
0.035,0.065,0.030833333,-0.004166667,0.513333333,-0.035
0.413333333,0.223333333,0.045833333,1.155833333,0.2225,0.095
-0.465,-0.271666667,-0.059166667,0.025,0.130833333,0.013333333
-0.029166667,0.231666667,-0.006666667,-0.381666667,0.055,-0.0025
0.266666667,-0.034166667,0.049166667,0.560833333,0.3625,-0.001666667
-0.159166667,0.174166667,-0.035,-0.571666667,-0.264166667,-0.041666667
-0.216666667,-0.209166667,-0.02,-0.464166667,0.133333333,-0.1025
0.149166667,-0.030833333,0.016666667,-0.535833333,0.56,-0.026666667
0.111666667,-0.0525,0.0125,0.334166667,-0.4475,0.050833333
0.5675,0.32,0.080833333,0.589166667,0.255,0.093333333
-0.545833333,-0.036666667,-0.104166667,0.700833333,-0.3525,0.09
0.045833333,0.805833333,-0.024166667,-1.025833333,0.093333333,-0.159166667
2.324166667,4.9375,0.018333333,0.769166667,-0.611666667,0.051666667
-0.414166667,-0.205833333,-0.243333333,0.959621212,-0.2425,0.101439394
-0.164166667,-0.216666667,-0.068333333,-0.673787879,-0.804166667,-0.111439394
-0.325,-0.173333333,-0.0375,0.130833333,-0.219166667,-0.015
0.194166667,-0.361666667,-0.023333333,-1.855227273,-0.553939394,-0.198106061
0.095,-0.165833333,0.028333333,0.556060606,-0.147727273,0.072272727
-0.138333333,-0.2875,0.005833333,-0.107878788,-0.282272727,0.080454545
0.143333333,-0.0275,0.039166667,-0.499621212,-0.019393939,-0.071287879
0.405,0.005833333,0.081666667,-2.358333333,-2.345,0.064166667
0.64,0.398333333,0.113333333,-1.545833333,-0.369166667,-0.034166667
-0.474166667,-0.186666667,-0.024166667,-0.374166667,-0.191666667,0.038333333
-0.199166667,-0.0825,-0.016666667,0.766666667,0.691666667,0.15
-1.1475,-0.4675,-0.161666667,0.206666667,0.293333333,0.065
0.571666667,0.31,0.065,5.535833333,1.208333333,0.59
-0.459166667,-0.1175,-0.074166667,-0.491666667,-0.314166667,-0.035
0.523333333,0.171666667,0.06,1.171666667,0.464166667,0.048333333
-0.671666667,-0.316666667,-0.071666667,-1.461666667,-0.76,-0.113333333
0.240833333,-0.035833333,0.024166667,0.493333333,0.203333333,0.0325
-2.106666667,-1.139166667,-0.279166667,-1.634166667,-0.625,-0.064166667
-0.105,-0.1025,0.029166667,0.216666667,-0.059166667,0.07
1.536666667,0.490833333,0.209166667,0.250833333,-0.271666667,0.055833333
-0.018333333,-0.1425,0.0075,-0.685833333,-0.015,-0.045
0.023333333,0.22,0.024166667,-0.046666667,0.044166667,0.010833333
0.48,0.349166667,0.081666667,1.4875,0.604166667,0.099166667
-0.661666667,-0.354166667,-0.076666667,-1.305,-0.399166667,-0.095
0.12,0.0725,0.023333333,0.424166667,0.01,0.035
-0.209166667,-0.188333333,-0.0275,-0.610833333,-0.1575,-0.061666667
0.49,0.270833333,0.054166667,0.605833333,0.494166667,0.056666667
-0.5275,-0.46,-0.059166667,-0.654166667,-0.7275,-0.024166667
-0.04,-0.18,-0.015833333,-0.208333333,0.13,-0.023333333
0.269166667,-0.135,0.055,0.696666667,-0.050833333,0.069166667
-0.910833333,-0.353333333,-0.105833333,-1.46,-0.8375,-0.0975
1.013333333,0.606666667,0.1025,1.411666667,0.825,0.091666667
-1.068333333,-0.57,-0.124166667,-1.578333333,-0.713333333,-0.0975
0.59,0.2675,0.058333333,0.7875,0.173333333,0.039166667
0.390833333,-0.0025,0.054166667,0.651666667,0.148333333,0.06
-1.0575,-0.618333333,-0.128333333,-1.545833333,-0.648333333,-0.08
0.750833333,0.549166667,0.100833333,0.935833333,0.389166667,0.06
-0.573333333,-0.421666667,-0.06,-0.808333333,-0.745,-0.031666667
0.5375,0.043333333,0.060833333,1.0125,0.35,0.065
-0.3025,-0.065833333,-0.021666667,-1.171666667,-0.238333333,-0.048333333
0.225833333,0.289166667,0.0325,1.241666667,0.385,0.0825
-0.704166667,-0.4925,-0.081666667,-1.3325,-0.601666667,-0.068333333
0.595833333,0.1975,0.061666667,0.620833333,0.170833333,0.090833333
0.124166667,0.128333333,0.039166667,-0.099166667,0.204166667,0.025833333
-0.644166667,-0.300833333,-0.044166667,-1.146666667,-0.385,-0.050833333
1.178333333,0.309166667,0.13,0.98,0.224166667,0.125
-1.414166667,-0.616666667,-0.124166667,-1.359166667,-1.001666667,-0.021666667
0.85,0.281666667,0.1175,0.834166667,0.5675,0.1025
-0.435833333,-0.254166667,-0.015833333,-5.935,-0.775,0.030833333
-0.048333333,-0.038333333,0.018333333,-1.544166667,0.3225,0.054166667
0.374166667,0.265,0.054166667,-3.7275,0.256666667,0.008333333
-0.101666667,-0.183333333,0.02,0.45,-0.344166667,0.060833333
0.424166667,0.096666667,0.021666667,0.381666667,0.5625,0.068333333
-0.655833333,-0.343333333,-0.01,-0.790833333,-0.741666667,-0.015
0.995833333,0.260833333,0.120833333,0.889166667,0.416666667,0.101666667
-0.869166667,-0.359166667,-0.0375,-0.899166667,-0.969166667,-0.0225
0.83,0.380833333,0.0875,0.825833333,0.678333333,0.0625
0.21,0.0575,0.006666667,-0.528333333,-0.771666667,-0.038333333
-0.464166667,-0.123333333,-0.066666667,0.056666667,0.021666667,-0.000833333
0.6225,0.331666667,0.0575,0.469166667,0.1675,0.013333333
-0.608333333,-0.303333333,-0.049166667,-0.5525,0.0025,-0.063333333
0.704166667,0.2175,0.0325,0.469166667,-0.113333333,0.013333333
-0.254166667,-0.220833333,-0.019166667,-0.4975,-0.14,-0.0325
-0.825833333,-0.5075,-0.094166667,-0.3675,-0.020833333,-0.048333333
0.449166667,0.390833333,0.058333333,0.295833333,-0.386666667,0.014166667
0.271666667,0.000833333,0.009166667,0.319166667,0.194166667,0.016666667
-0.576666667,-0.006666667,-0.0325,-0.640833333,-0.54,-0.066666667
0.886666667,0.165,0.0675,0.865833333,0.548333333,0.043333333
-0.8675,-0.534166667,-0.099166667,-0.275833333,0.205,0.014166667
0.895833333,0.490833333,0.09,0.204166667,-0.214166667,-0.025833333
-1.038333333,-0.385833333,-0.106666667,0.014166667,0.343333333,0.025833333
0.154166667,-0.008333333,0.020833333,-0.076666667,-0.401666667,0.015
1.631666667,0.834166667,0.135833333,0.575833333,0.866666667,0.0325
-2.083333333,-1.064166667,-0.176666667,-0.599166667,-0.54,-0.0225
1.605,1.008333333,0.120833333,0.844166667,0.575833333,0.039166667
-0.601666667,-0.0675,-0.071666667,-0.885833333,0.080833333,-0.083333333
1.061666667,0.4975,0.060833333,0.659166667,0.616666667,0.014166667
0.264166667,0.234166667,0.0425,0.375,0.100833333,-0.021666667
-0.233333333,0.239166667,-0.055833333,-0.2325,0.416666667,-0.045833333
0.126666667,0.09,-0.015,-0.258333333,0.255,-0.0825
0.358333333,0.400833333,0.033333333,0.025833333,0.12,-0.054166667
-0.589166667,-0.17,-0.106666667,1.645,0.6275,0.026666667
0.194166667,0.065833333,-0.005833333,5.926666667,0.051666667,-0.105833333
-0.598333333,-0.188333333,-0.055,1.626666667,-0.7625,-0.124166667
-0.046666667,-0.035833333,-0.0175,0.621666667,0.065,-0.081666667
0.041666667,-0.111666667,-0.025,0.480833333,0.116666667,-0.009166667
-0.116666667,-0.2025,-0.029166667,0.064166667,-0.4875,-0.014166667
0.003333333,0.103333333,0.0125,0.9175,0.35,0.015
-0.525833333,-0.193333333,-0.068333333,-1.44,-0.5025,-0.120833333
0.11,0.126666667,-0.0175,0.289166667,0.313333333,0.016666667
0.510833333,0.145,0.051666667,1.095833333,-0.001666667,0.068333333
-0.715,-0.519166667,-0.0625,-1.648333333,-0.795833333,-0.091666667
0.528333333,-0.034166667,0.0275,1.5475,0.288333333,0.139166667
-0.91,-0.584166667,-0.110833333,-2.375833333,-1.016666667,-0.153333333
0.6525,0.009166667,0.069166667,0.194166667,0.026666667,0.0325
0.010833333,0.156666667,0.0375,0.0725,-0.09,0.0625
-0.2425,-0.2875,-0.015,-8.9,-0.369166667,0.050833333
-0.013333333,-0.040833333,0.011666667,2.878333333,0.558333333,0.1
0.509166667,0.164166667,0.083333333,0.004166667,-0.2225,0.031666667
-0.158333333,-0.033333333,-0.004166667,-2.891666667,-0.681666667,-0.0575
-0.1425,-0.014166667,-0.01,-0.24,0.4975,0.054166667
0.155833333,-0.085,0.035,-1.329166667,-0.736666667,0.029166667
-0.373333333,-0.620833333,0.01,-0.045833333,-0.354166667,0.035833333
-0.773333333,-0.511666667,-0.035,-0.689166667,-0.7925,0.054166667
1.49,0.415,0.174166667,-0.110833333,-1.355,0.034166667
-2.335833333,-1.610833333,-0.1725,0.901666667,0.303333333,0.1425
0.561666667,0.234166667,0.109166667,-0.9325,-1.1575,-0.015
-1.519166667,-1.096666667,-0.094166667,0.6625,0.195833333,0.078333333
0.855,0.465833333,0.11,0.334166667,0.205,0.088333333
-0.944166667,-0.638333333,-0.045833333,0.379166667,0.121666667,0.074166667
0.9675,0.390833333,0.083333333,0.273333333,0.433333333,0.065
-0.8075,-0.329166667,-0.039166667,0.478333333,0.800833333,0.03
0.754166667,0.909166667,0.01,0.016666667,0.529166667,-0.016666667
0.3625,0.100833333,0.031666667,0.145,-0.241666667,-0.0125
-0.3475,-0.293333333,-0.031666667,0.11,-0.503333333,-0.009166667
-0.2925,-0.219166667,0.001666667,-0.03,-0.016666667,-0.013333333
0.159166667,0.011666667,-0.009166667,-0.029166667,-0.1525,0
1.1875,0.493333333,0.055,-0.509166667,-0.6775,-0.070833333
0.886666667,0.693333333,0.059166667,-0.244166667,0.295833333,-0.0475
1.2025,0.431666667,0.069166667,0.7375,0.273333333,-0.069166667
0.594166667,0.263333333,0.0525,-0.084166667,-0.175833333,-0.070833333
-1.938333333,-1.3325,-0.2175,-0.581666667,-0.665,-0.080833333
-0.264166667,-0.006666667,-0.059166667,-1.111666667,-0.7375,-0.123333333
0.163333333,0.08,0.013333333,5.495,0.375,0.003333333
0.024166667,-0.22,0.003333333,3.6375,-0.8625,-0.119166667
-0.695,-0.47,-0.066666667,-4.018333333,-0.355,0.009166667
0.494166667,0.003333333,0.065833333,5.75,0.195,0.026666667
-1.293333333,-0.8325,-0.123333333,-11.29666667,-1.496666667,-0.066666667
0.820833333,0.556666667,0.095833333,2.279166667,1.114166667,0.085
0.63,0.426666667,0.069166667,-0.395,-0.135833333,-0.025833333
-0.988333333,-0.589166667,-0.106666667,-1.9175,-0.169166667,-0.01
0.900833333,0.4925,0.051666667,0.238333333,0.83030303,0.024469697
0.6375,0.615833333,0.0675,4.248333333,0.71969697,0.02719697
0.0125,0.340833333,-0.046666667,7.833333333,0.365,0.024166667
-0.399166667,-0.195833333,-0.04,1.363333333,1.103333333,0.0425
1.5925,0.971666667,0.124166667,-1.594166667,-0.893333333,-0.156666667
-1.426666667,-0.8025,-0.163333333,2.520833333,1.301666667,0.094166667
0.293333333,0.404166667,0.0175,-1.339166667,-0.7225,-0.1175
-0.098333333,-0.061666667,-0.011666667,0.648333333,0.528333333,-0.0125
-0.384166667,-0.174166667,-0.065833333,0.2025,-0.293333333,-0.053333333
-0.015,0.229166667,0.015,-1.168333333,0.0875,-0.1075
0.19,0.118333333,0.035833333,0.396666667,0.095833333,0.0175
-0.401666667,-0.178333333,-0.038333333,-0.016666667,0.1775,-0.003333333
0.7525,0.498333333,0.086666667,-0.930833333,-0.501666667,-0.0825
-0.668333333,-0.373333333,-0.096666667,0.436666667,0.389166667,0.033333333
0.2975,0.308333333,0.020833333,0.335833333,0.306666667,-0.0125
-0.015833333,-0.1075,-0.0175,0.495,0.5175,0.005
-0.08,0.001666667,-0.014166667,-1.4475,-1.003333333,-0.0875
0.275833333,0.15,0.025833333,0.159166667,-0.174166667,0.01
-0.455,-0.4925,-0.0575,-0.725,-0.026666667,-0.0425
0.8125,0.381666667,0.105,0.906666667,0.446666667,0.078333333
-0.52,-0.085833333,-0.0575,-0.568333333,-0.09,-0.025
0.475833333,0.130833333,0.055,0.873333333,-0.355,0.063333333
-0.8375,-0.415,-0.0925,-1.180833333,-0.535,-0.065
0.825833333,0.334166667,0.0975,1.209166667,0.611666667,0.059166667
-0.229166667,0.114166667,-0.025,0.605,0.579166667,0.030833333
0.156666667,0.085,0.0125,-0.385833333,0.038333333,-0.028333333
0.388333333,0.074166667,0.045833333,-0.165833333,0.245,-0.02
-0.806666667,-0.414166667,-0.065,-0.095833333,-0.7525,0.0225
0.1325,-0.005,0.0025,-0.1175,-0.0075,0.0075
-0.139166667,-0.045,-0.031666667,-0.745833333,-0.581666667,-0.049166667
-0.386666667,-0.150833333,-0.008333333,-0.438333333,0.035,-0.003333333
0.511666667,0.08,0.034166667,-0.105,-0.555,0.025
-0.603333333,-0.430833333,-0.029166667,-0.67,-0.311666667,-0.023333333
0.711666667,0.293333333,0.075833333,0.899166667,0.4375,0.094166667
-0.954166667,-0.533333333,-0.099166667,-1.811666667,-1.021666667,-0.071666667
0.52,0.303333333,0.045,2.574166667,1.2625,0.135833333
0.0725,0.155,0.001666667,-1.920833333,-0.8625,-0.104166667
0.234166667,0.349166667,0.018333333,0.7875,1.231666667,-0.005
0.128333333,0.148333333,-0.0125,1.505833333,1.038333333,0.058333333
0.5125,0.651666667,0.026666667,-0.004166667,0.273333333,-0.091666667
-0.105,-0.013333333,-0.0325,1.284166667,0.886666667,0.006666667
-0.0175,0.263333333,-0.019166667,-0.968333333,-0.535,-0.155
-0.175833333,-0.1275,-0.039166667,2.041666667,1.331666667,0.101666667
0.110833333,0.183333333,-0.001666667,-1.64,-0.721666667,-0.169166667
-0.26,-0.056666667,-0.0225,0.809166667,0.641666667,0.011666667
-0.235,-0.0075,-0.039166667,-3.246666667,-0.835,-0.2525
0.165833333,0.11,0.046666667,0.853560606,0.561439394,0.066666667
0.284166667,-0.131666667,0.039166667,-0.047727273,-0.155606061,0.018333333
-0.414166667,-0.120833333,-0.050833333,-0.744166667,-0.633333333,0.005
0.528333333,0.081666667,0.08,0.061666667,-0.046666667,0.035833333
-0.503333333,-0.195833333,-0.066666667,0.011666667,-0.6125,0.053333333
0.1725,-0.044166667,0.029166667,-0.885833333,0.315,-0.07
0.305833333,0.1675,0.021666667,1.368333333,0.271666667,0.129166667
-0.469166667,-0.188333333,-0.036666667,-1.759166667,-0.525,-0.108333333
0.64,0.240833333,0.066666667,1.4725,0.6075,0.095833333
-0.373333333,-0.120833333,-0.050833333,-0.416666667,-0.5025,-0.005833333
-0.004166667,0.143333333,-0.015,-0.679166667,0.019166667,-0.105833333
0.0625,0.061666667,0.015,-0.095833333,0.249166667,-0.0225
0.596666667,0.12,0.075,1.868333333,0.133333333,0.156666667
-1.378333333,-0.6825,-0.156666667,-2.133333333,-0.806666667,-0.126666667
0.495833333,-0.0075,0.0725,0.480833333,-0.039166667,0.030833333
-0.004166667,0.134166667,-0.026666667,-0.018333333,0.145,-0.034166667
0.134166667,0.19,0.034166667,0.5525,0.55,0.015
0.295833333,0.238333333,0.0075,0.735833333,0.603333333,0.010833333
-0.04,0.191666667,-0.014166667,-1.039166667,-0.346666667,-0.114166667
-0.02,0.023333333,0.004166667,-0.383333333,-0.135833333,-0.0425
0.2225,0.086666667,0.035833333,0.419166667,0.7375,0.020833333
0.084166667,-0.018333333,0.0075,-0.096666667,-0.293333333,0.034166667
0.146666667,0.1175,0.035,0.265,0.135,0.018333333
-0.329166667,-0.134166667,-0.061666667,-1.011893939,-0.257575758,0.014924242
0.256666667,0.253333333,0.039166667,-0.042272727,-0.016590909,-0.038257576
0.763333333,0.431666667,0.065833333,1.656666667,1.123333333,0.1575
-0.800833333,-0.305833333,-0.086666667,-1.891666667,-1.03,-0.140833333
0.665833333,0.420833333,0.071666667,1.314166667,0.924166667,0.085
-0.088333333,0.255,-0.003333333,-0.883333333,0.429166667,-0.125
0.603333333,0.355833333,0.0475,1.420833333,1.051666667,0.06
-0.0975,0.0575,-0.025833333,0.135,-0.316666667,-0.0075
0.220833333,0.123333333,0.011666667,1.1425,0.0625,0.055833333
-0.599166667,-0.221666667,-0.059166667,-1.723333333,-0.018333333,-0.215
0.280833333,0.198333333,0.016666667,1.6825,0.384166667,0.096666667
-0.238333333,0.025833333,-0.025833333,-1.290833333,-0.440833333,-0.163333333
0.195,0.110833333,0.011666667,-1.286666667,0.280833333,-0.225833333
-0.175833333,0.051666667,-0.015833333,0.365,0.411666667,0.0175
0.0775,0.108333333,0.0025,-0.0225,0.049166667,0.009166667
0.091666667,0.048333333,0.014166667,-0.776666667,-0.084166667,-0.084166667
-0.05,0.106666667,-0.013333333,0.6325,0.270833333,0.0675
-0.051666667,0.0575,-0.0175,0.953333333,0.748333333,0.0575
0.039166667,0.074166667,-0.010833333,-0.5925,-0.076666667,-0.055833333
0.0725,0.13,-0.010833333,0.005,0.389166667,-0.0425
-0.099166667,0.006666667,-0.024166667,1.0575,0.1175,0.09
0.306666667,0.3325,0.0125,-2.484166667,-0.620833333,-0.2375
0.145,0.051666667,0.0025,-0.265833333,0.285,-0.125833333
0.1225,0.119166667,-0.000833333,0.965,0.39,0.0575
0.109166667,0.251666667,0.015833333,-0.709166667,-0.025833333,-0.05
-0.126666667,-0.066666667,-0.0175,1.754166667,0.471666667,0.155
0.008333333,0.223333333,-0.019166667,-0.235833333,0.34,-0.066666667
0.099166667,0.205,0.0025,-0.01,1.06,-0.043333333
-0.31,0.0575,-0.0425,0.791666667,0.0025,0.088333333
0.019166667,-0.0575,-0.0075,0.3825,0.118333333,0.0175
-0.096666667,0.0575,0.010833333,0.0075,-0.3175,0.011666667
0.219166667,0.005833333,0.039166667,-1.025,-0.151666667,-0.099166667
0.071666667,0.001666667,0.048333333,0.423333333,0.125833333,0.094166667
0.27,-0.196666667,0.0325,-1.1425,-0.621666667,-0.03
0.195833333,0.029166667,0.054166667,0.775,0.024166667,0.111666667
0.12,-0.023333333,0.033333333,-0.698333333,-0.486666667,0.0225
0.510833333,0.068333333,0.075,-0.685833333,-0.161666667,-0.066666667
0.0775,0.073333333,0.0125,1.091666667,-0.01,0.208333333
0.165,0.113333333,0.0325,-1.093333333,0.015833333,-0.159166667
0.026666667,-0.103333333,-0.004166667,1.0025,-0.0675,0.188333333
-0.233333333,-0.153333333,-0.026666667,-1.406666667,0.0225,-0.2025
0.659166667,0.294166667,0.048333333,0.654166667,0.300833333,0.008333333
-0.445833333,0.005,-0.03,1.056666667,-0.1625,0.155833333
-0.140833333,-0.160833333,-0.020833333,-1.133333333,-0.266666667,-0.108333333
-0.159166667,-0.084166667,-0.028333333,0.804166667,0.298333333,0.006666667
-0.1125,-0.168333333,-0.014166667,-1.074166667,-0.373333333,-0.133333333
-0.320833333,-0.036666667,-0.024166667,0.97,-0.086666667,0.12
-0.39,-0.266666667,-0.055833333,0.0175,-0.233333333,1.78E-15
-0.075,0.014166667,-0.01,-1.240833333,0.015833333,-0.179166667
0.0925,0.0675,0.013333333,-0.401666667,0.0725,-0.0575
-0.4825,-0.269166667,-0.055,2.843333333,0.5875,0.341666667
-0.195,-0.1225,-0.030833333,-0.4225,-0.451666667,-0.05
-0.221666667,-0.159166667,-0.040833333,-0.220833333,-0.530833333,-0.0175
0.12,-0.156666667,0.020833333,-0.585,0.121666667,-0.100833333
-0.175833333,-0.196666667,-0.024166667,0.349166667,-0.271666667,0.064166667
-0.133333333,-0.151666667,-0.025,0.685,-0.671666667,0.124166667
0.113333333,0.019166667,0.016666667,-0.821666667,0.086666667,-0.141666667
0.13,-0.1275,-0.003333333,-0.803333333,-0.05,-0.0675
-0.045,0.0925,-0.000833333,2,0.359166667,0.2125
0.1075,0.105833333,0.01,-0.5975,-0.285,-0.033333333
0.2,0.175833333,0.008333333,-0.399166667,0.614166667,-0.090833333
0.143333333,0.0125,0.024166667,0.101666667,0.0575,0.075833333
0.411666667,0.264166667,0.0625,-1.131666667,-0.570833333,-0.130833333
0.140833333,0.058333333,0.023333333,0.989166667,0.511666667,0.161666667
-0.14,-0.016666667,-0.013333333,-0.180833333,-0.261666667,-0.038333333
0.295833333,0.145833333,0.039166667,-0.625833333,0.243333333,-0.089166667
-0.3775,-0.231666667,-0.038333333,1.931666667,0.231666667,0.251666667
0.179166667,0.071666667,0.039166667,-1.764166667,-0.303333333,-0.174166667
0.0275,-0.076666667,0.009166667,0.7425,-0.030833333,0.080833333
-0.0825,-0.145,-0.000833333,-1.2375,-0.703333333,-0.086666667
0.120833333,-0.035833333,0.026666667,-0.205,0.2675,0.003333333
0.038333333,-0.033333333,0.029166667,1.571666667,-0.061666667,0.205
-0.550833333,-0.454166667,-0.0525,-1.560833333,-0.839166667,-0.106666667
0.354166667,0.239166667,0.058333333,0.875833333,-0.15,0.1575
-0.681666667,-0.335,-0.074166667,-1.178333333,-0.099166667,-0.065833333
0.894166667,0.365833333,0.113333333,0.795,0.291666667,0.126666667
-0.42,-0.305833333,-0.053333333,-0.450833333,-0.231666667,-0.008333333
0.313333333,0.141666667,0.039166667,0.11,-0.165,0.0575
-0.3625,-0.316666667,-0.026666667,-0.311666667,0.1825,-0.014166667
0.368333333,-0.000833333,0.0525,0.066666667,-0.614166667,0.069166667
-0.983333333,-0.1725,-0.101666667,-0.925833333,-0.261666667,-0.045
1.030833333,0.291666667,0.098333333,1.185,0.405833333,0.056666667
-0.413333333,-0.184166667,-0.039166667,-1.229166667,0.090833333,-0.106666667
0.376666667,0.38,0.06,0.870833333,0.134166667,0.061666667
-0.1025,-0.065833333,-0.0175,0.435833333,-0.0125,0.015
-0.39,-0.043333333,-0.045,-0.675,0.146666667,-0.080833333
0.454166667,0.093333333,0.048333333,0.813333333,0.290833333,0.056666667
-0.369166667,-0.111666667,-0.041666667,-0.111666667,-0.218333333,-0.035
0.036666667,0.12,0.0175,-0.63,-0.17,-0.064166667
0.0875,-0.105,0.011666667,1.624166667,-0.6925,0.0925
-0.7375,-0.255833333,-0.070833333,-1.51,-0.0875,-0.165
0.470833333,0.035833333,0.05,0.434166667,0.481666667,0.135833333
0.315833333,0.215,0.025833333,0.88,-0.306666667,0.094166667
-0.761666667,-0.240833333,-0.093333333,-0.975,0.180833333,-0.108333333
0.579166667,0.2925,0.056666667,0.580833333,0.478333333,0.023333333
-0.0025,0.195,-0.020833333,-0.6725,0.518333333,-0.16
0.464166667,0.326666667,-0.005,1.2625,0.263333333,0.061666667
-0.204166667,0.016666667,-0.026666667,-0.6825,-0.0425,-0.1575
0.418333333,0.045833333,0.026666667,1.033333333,-0.17,0.095
-0.743333333,-0.453333333,-0.075,-1.269166667,-0.559166667,-0.128333333
0.605,0.2275,0.06,1.598333333,0.660833333,0.141666667
-0.218333333,-0.0625,-0.031666667,-0.1575,-0.318333333,0.004166667
0.08,0.104166667,0.001666667,-1.1025,-0.060833333,-0.1375
-0.211666667,-0.091666667,-0.009166667,0.969166667,0.506666667,0.086666667
-0.233333333,0.005,-0.010833333,-0.3625,0.051666667,-0.063333333
0.299166667,0.258333333,0.020833333,-0.58,-0.128333333,-0.056666667
-0.110833333,-0.145,-0.001666667,0.275,0.051666667,0.021666667
0.085833333,-0.0475,0.018333333,0.088333333,-0.136666667,0.055833333
-0.180833333,-0.115,-0.004166667,0.600833333,0.0175,0.114166667
-0.235,-0.14,-0.015833333,-1.254166667,-0.18,-0.154166667
0.214166667,0.063333333,0.02,0.815,0.210833333,0.146666667
-0.194166667,-0.211666667,-0.003333333,-1.530378788,-0.973257576,-0.091742424
-0.0075,-0.095,0.014166667,-0.164621212,0.004924242,0.062575758
-0.0225,-0.390833333,0.014166667,0.101666667,-0.706666667,0.0975
-0.260833333,-0.314166667,-0.0125,1.15,0.123333333,0.220833333
-0.216666667,-0.299166667,-0.013333333,-2.068333333,-1.28,-0.109166667
0.1425,-0.139166667,0.035833333,0.2775,0.518333333,0.101666667
0.375,0.259166667,0.040833333,2.5875,0.384166667,0.299166667
-0.728333333,-0.419166667,-0.085833333,-1.2225,-0.454166667,-0.100833333
0.525,0.4125,0.055,0.843333333,0.355833333,0.054166667
0.134166667,0.251666667,0.0075,0.955833333,1.024166667,0.030833333
-0.050833333,0.2925,-0.038333333,-1.185833333,-0.311666667,-0.183333333
0.485833333,0.195833333,0.049166667,2.1575,1.085,0.1425
-0.3275,-0.023333333,-0.035833333,-0.761666667,-0.315833333,-0.123333333
-0.1875,0.1525,-0.0125,-1.030833333,-0.0275,-0.120833333
0.668333333,0.225,0.066666667,1.776666667,0.5325,0.149166667
-0.799166667,-0.216666667,-0.086666667,-1.334166667,-0.16,-0.12
0.445833333,0.341666667,0.040833333,0.874166667,0.495,0.023333333
0.280833333,0.41,0.0175,0.650833333,0.4325,0.014166667
0.1075,0.099166667,0.003333333,0.1075,0.293333333,-0.046666667
-0.179166667,-0.0075,-0.03,0.458333333,0.056666667,0.021666667
-0.030833333,-0.0875,-0.006666667,0.0525,0.026666667,-0.050833333
0.018333333,-0.113333333,-0.015,-1.096666667,-0.690833333,-0.068333333
-0.193333333,-0.050833333,-0.019166667,-0.331666667,0.036666667,-0.026666667
0.235,0.041666667,0.026666667,1.715,0.6725,0.174166667
-0.294166667,-0.113333333,-0.038333333,-1.4075,-0.280833333,-0.1425
0.145833333,0.076666667,0.013333333,-0.606666667,-0.19,-0.06
0.039166667,0.055,0.016666667,0.1675,-0.191666667,0.078333333
0.091666667,-0.2025,0.008333333,0.788333333,0.073333333,0.101666667
0.265,0.211666667,0.02,0.180833333,-0.03,0.006666667
-0.4675,-0.184166667,-0.041666667,-1.006666667,0.043333333,-0.104166667
0.609166667,0.306666667,0.07,1.125,0.1475,0.079166667
-0.555,-0.199166667,-0.074166667,-0.661666667,-0.365833333,-0.039166667
0.325833333,0.1875,0.049166667,0.949166667,0.319166667,0.019166667
-0.365,-0.134166667,-0.050833333,0.683333333,0.431666667,0.05
-0.029166667,0.125,-0.015,-0.979166667,0.1325,-0.183333333
-0.196666667,0.175,-0.043333333,0.615,0.420833333,0.06
-0.108333333,0.0825,-0.010833333,0.695833333,0.429166667,0.015
0.171666667,0.205,0.02,-0.824166667,0.095833333,-0.069166667
-0.008333333,-0.055833333,-0.01,1.015,0.628333333,0.060833333
0.045833333,0.313333333,-0.016666667,-0.339166667,-0.105,-0.023333333
0.021666667,0.17,-0.0075,0.655,0.45,0.045833333
0.166666667,0.1075,0.015,-0.959166667,0.1525,-0.160833333
-0.199166667,0.099166667,-0.03,1.276666667,0.485833333,0.1375
0.0925,0.190833333,-0.011666667,-0.545833333,0.234166667,-0.115
-0.365833333,-0.214166667,-0.0725,1.469166667,0.231666667,0.174166667
-0.033333333,-0.1025,-0.015833333,-0.414166667,-0.4175,-0.1225
-0.238333333,-0.294166667,-0.035833333,-1.47,-0.640833333,-0.175
-0.218333333,-0.2025,-0.023333333,0.525833333,-0.3,0.023333333
-0.2375,-0.070833333,-0.033333333,0.055833333,-0.0075,0
-0.374166667,-0.164166667,-0.053333333,1.375,0.583333333,0.111666667
-0.054166667,0.153333333,-0.033333333,-1.4,-0.268333333,-0.148333333
-0.01,0.035833333,0.001666667,-0.508333333,-0.275833333,-0.039166667
0.006666667,-0.055833333,0.0275,-0.130833333,0.129166667,-0.029166667
0.208333333,0.156666667,0.009166667,-1.028333333,-0.078333333,-0.089166667
0.044166667,-0.0575,0.015833333,-0.753333333,-0.405833333,-0.015833333
0.136666667,0.0375,0.045833333,0.7075,0.4475,0.091666667
0.349166667,0.015,0.06,-0.5375,-0.506666667,0.0075
-0.375,0.038333333,-0.039166667,-1.846666667,-0.308333333,-0.130833333
0.7575,-0.066666667,0.095,1.75,0.445833333,0.2025
-0.3775,0.09,-0.085833333,-0.8975,0.0325,-0.046666667
0.5125,0.283333333,0.0975,0.853333333,0.174166667,0.045833333
-0.400833333,0.06,-0.08,-0.813333333,-0.188333333,-0.070833333
0.7,0.210833333,0.08,1.5175,0.376666667,0.1425
-0.030833333,-0.1125,-0.005833333,0.583333333,0.229166667,-0.005833333
-0.365833333,0.118333333,-0.083333333,-0.841666667,0.068333333,-0.14
0.130833333,0.004166667,0.024166667,0.774166667,0.005,0.03
-0.114166667,0.105833333,-0.02,-0.940833333,0.053333333,-0.1575
-0.259166667,-0.146666667,-0.030833333,0.9775,-0.141666667,0.1475
-0.069166667,0.053333333,-0.010833333,-1.068333333,-0.194166667,-0.189166667
-0.1675,0.0525,-0.004166667,1.5275,0.548333333,0.225833333
-0.019166667,0.2575,-0.0125,-1.854166667,-0.2675,-0.248333333
-0.049166667,-0.303333333,0.028333333,2.29,0.535,0.248333333
0.160833333,0.036666667,0.003333333,-0.888333333,-0.191666667,-0.0475
-0.194166667,-0.173333333,-0.01,0.241666667,-0.058333333,0.035
0.085,-0.154166667,0.02,-0.284166667,-0.695833333,-0.031666667
0.099166667,-0.264166667,0.019166667,-0.269166667,-0.003333333,0.0325
0.140833333,-0.011666667,0.033333333,-0.424166667,-0.483333333,-0.0125
0.041666667,-0.429166667,0.021666667,0.514166667,-0.06,0.063333333
-0.675,-0.205833333,-0.104166667,-1.646666667,-0.633333333,-0.099166667
0.256666667,-0.036666667,0.061666667,0.523333333,-0.189166667,0.07
-0.34,-0.233333333,-0.0375,-1.406666667,-0.330833333,-0.09
0.069166667,-0.294166667,0.006666667,-0.375833333,-0.253333333,0.040833333
0.561666667,0.170833333,0.1325,1.308333333,0.141666667,0.198333333
-0.641666667,-0.3175,-0.094166667,-1.824166667,-0.7725,-0.0875
0.654166667,0.46,0.0975,0.7875,0.475,0.116666667
0.2875,0.280833333,0.0425,0.859166667,0.645833333,0.091666667
-0.1975,-0.0525,-0.011666667,-1.034166667,0.075,-0.115833333
0.1425,0.303333333,-0.000833333,0.716666667,0.27,0.090833333
0.236666667,0.341666667,0.04,-0.118333333,0.4,-0.034166667
0.098333333,0.079166667,-0.005833333,0.635,0.158333333,0.07
0.678333333,0.453333333,0.1025,0.7125,0.855,0.005
-0.9575,-0.049166667,-0.138333333,-0.901666667,-0.4875,-0.1075
0.755,0.250833333,0.073333333,0.716666667,0.52,0.009166667
-0.14,-0.050833333,-0.023333333,0.235,-0.1025,-0.0025
-0.301666667,0.166666667,-0.056666667,-0.824166667,0.064166667,-0.143333333
0.665833333,0.099166667,0.0825,1.609166667,0.305833333,0.146666667
-1.0525,-0.074166667,-0.15,-1.234166667,0.1075,-0.175
0.8825,0.2975,0.103333333,0.7875,0.1375,0.001666667
-0.469166667,-0.070833333,-0.078333333,-0.315,0.1025,-0.041666667
-0.253333333,-0.1675,-0.033333333,-0.826666667,-0.516666667,-0.054166667
-0.179166667,-0.34,0.005,-0.684166667,-0.449166667,-0.013333333
0.078333333,-0.5875,0.068333333,0.610833333,-0.4975,0.193333333
-0.408333333,-0.535833333,-0.015,-0.4,-0.451666667,0.039166667
-0.294166667,-0.439166667,-0.038333333,-1.590833333,-1.003333333,-0.018333333
-0.311666667,-0.31,0.006666667,-0.689166667,-0.625833333,0.051666667
0.331666667,-0.07,0.0725,0.601666667,-0.17,0.149166667
0.334166667,-0.075,0.0525,-4.835833333,-0.3725,0.139166667
-0.380833333,-0.383333333,-0.013333333,-4.5675,-0.303333333,0.030833333
0.380833333,-0.02,0.076666667,-0.940833333,-0.180833333,0.049166667
-0.9,-0.555833333,-0.040833333,0.474166667,0.105833333,0.09
0.455,7.11E-15,0.08,0.175833333,-1.08,0.12
0.430833333,0.005833333,0.051666667,0.174166667,-0.306666667,0.085833333
-1.986666667,-1.4125,-0.141666667,0.473333333,0.303333333,0.065833333
0.42,0.129166667,0.035833333,0.074166667,-0.565,0.075833333
0.059166667,-0.106666667,0.034166667,0.128333333,-0.444166667,0.070833333
-0.3,-0.3,0.011666667,0.015833333,-0.290833333,0.031666667
-0.2875,-0.430833333,0.005,0.065,-0.174166667,0.04
-0.645833333,-0.286666667,-0.041666667,0.086666667,0.028333333,0.016666667
0.69,0.11,0.076666667,-0.0725,-0.753333333,0.028333333
0.064166667,0.170833333,0.041666667,-0.174166667,-0.066666667,-0.0275
-0.259166667,-0.649166667,-0.000833333,-0.015833333,-0.376666667,0.01
0.621666667,0.374166667,0.068333333,0.186666667,-0.615833333,0.081666667
-0.724166667,-0.455833333,-0.051666667,-0.240833333,0.513333333,-0.086666667
1.128333333,0.985833333,0.095833333,0.564166667,0.133333333,0.098333333
-0.5275,-0.184166667,-0.075833333,-0.023333333,0.356666667,-0.064166667
0.286666667,0.3525,-0.008333333,-0.3525,-0.01,-0.048333333
-0.200833333,0.014166667,-0.0475,-0.273333333,0.28,-0.088333333
0.788333333,0.599166667,0.024166667,-0.504166667,0.213333333,-0.09
-0.06,0.1975,-0.0525,-0.3025,0.415833333,-0.135
0.98,0.84,0.0625,-0.4125,0.460833333,-0.120833333
-0.446666667,-0.16,-0.081666667,-0.455,-0.319166667,-0.090833333
0.346666667,0.246666667,0.025,-0.26,0.635,-0.0425
-0.0475,-0.015,-0.013333333,0.024166667,-0.116666667,-0.034166667
0.024166667,0.0375,-0.011666667,0.053333333,0.973333333,-0.018333333
0.090833333,0.06,0.0025,-0.158333333,-0.756666667,-0.018333333
0.183333333,-0.083333333,0.048333333,-0.013333333,-0.098333333,0.0325
-0.033333333,-0.190833333,-0.0175,0.079166667,-0.519166667,0.029166667
-0.8375,-0.309166667,-0.060833333,-0.121666667,0.614166667,-0.039166667
1.061666667,0.339166667,0.099166667,-0.303333333,-1.185833333,0.049166667
-1.92,-0.9725,-0.173333333,0.217272727,0.269621212,-0.019848485
1.313333333,0.52,0.114166667,-0.158939394,-0.746287879,0.050681818
-1.005,-0.544166667,-0.080833333,0.435833333,0.629166667,0.023333333
1.0025,0.526666667,0.1125,-0.055,-0.525,0.0775
-0.7125,-0.2775,-0.0725,0.198333333,0.656666667,-0.004166667
0.1025,-0.016666667,-0.0025,0.1825,-0.0625,0.019166667
0.380833333,0.180833333,0.045,0.024166667,-0.530833333,0.073333333
0.835833333,0.383333333,0.099166667,0.06,0.420833333,0.013333333
-0.160833333,-0.014166667,-0.033333333,-0.0125,0.020833333,-0.0125
-1.038333333,-0.575,-0.1075,0.163333333,0.3725,-0.021666667
0.703333333,0.2825,0.100833333,-0.000833333,-0.32,0.018333333
-0.606666667,-0.2975,-0.071666667,-0.015833333,-0.054166667,-0.010833333
0.785,0.4225,0.073333333,-0.059166667,-0.42,0.025
-1.3275,-0.778333333,-0.100833333,0.173333333,0.775,-0.0125
0.355833333,0.1725,0.04,-0.181666667,-0.883333333,0.01
0.065833333,-0.031666667,0.011666667,0.036439394,-0.222878788,0.075530303
0.134166667,-0.2375,0.014166667,-0.020606061,-0.255454545,-0.013863636
-0.529166667,-0.128333333,-0.0525,-0.063333333,-0.13,0.02
-0.5925,-0.265,-0.0425,0.203333333,-0.050833333,-0.000833333
1.501666667,0.8375,0.1325,-0.129166667,0.483333333,0.033333333
-1.614166667,-0.895833333,-0.115833333,0.3875,0.604166667,0.0125
0.454166667,0.305833333,0.036666667,0.145833333,-0.0975,0.020833333
-1.805,-1.161666667,-0.128333333,0.72,0.643333333,0.100833333
-0.395833333,-0.506666667,-0.0175,0.463333333,-0.068333333,0.088333333
0.449166667,0.329166667,0.0525,0.239166667,-0.116666667,0.0925
-0.309166667,0.028333333,-0.006666667,0.245,0.3225,0.0025
-0.378333333,-0.246666667,-0.0375,0.060833333,0.173333333,-0.008333333
0.58,0.491666667,0.056666667,0.125833333,0.47,-0.005833333
-0.116666667,0.0875,-0.015833333,-0.0475,-0.148333333,-0.020833333
-0.306666667,-0.2525,-0.0375,-0.096666667,-0.105,-0.018333333
0.346666667,0.2075,0.021666667,-0.051666667,-0.051666667,-0.044166667
-0.6375,-0.325,-0.0425,0.189166667,0.165,0.004166667
0.703333333,0.299166667,0.045833333,-0.205,0.000833333,-0.028333333
-0.3375,0.0725,-0.020833333,0.026666667,-0.1275,-0.035833333
0.325833333,0.441666667,-0.016666667,-0.446666667,0.4425,-0.069166667
