ExtCondensTurbineOP.steam_flow_in,ExtCondensTurbineOP.steam_flow_side,ExtCondensTurbineOP.electricity_generation,ExtCondensTurbineOP.,ExtCondensTurbineOP.,ExtCondensTurbineOP.
80.1225,32.63083333,10.78583333,,,
80.665,33.1925,10.68666667,,,
76.725,30.19916667,10.36166667,,,
75.82583333,31.45666667,9.988333333,,,
75.61833333,31.5625,9.935,,,
75.7175,32.64666667,9.876666667,,,
75.72666667,33.14166667,9.815,,,
75.45833333,33.60166667,9.71,,,
70.33416667,31.1925,8.983333333,,,
64.09083333,30.02083333,7.949166667,,,
65.78833333,31.7825,8.088333333,,,
65.4175,31.03666667,8.155,,,
65.9575,30.43416667,8.245833333,,,
64.7325,26.36,8.506666667,,,
64.81916667,23.46416667,8.84,,,
64.39666667,22.68666667,8.8275,,,
65.60166667,22.66666667,9.063333333,,,
65.3425,21.35166667,9.129166667,,,
65.13833333,21.0025,9.121666667,,,
64.68916667,21.18916667,9.0125,,,
64.805,21.79583333,8.921666667,,,
64.25666667,21.3525,8.846666667,,,
64.45416667,21.93916667,8.836666667,,,
64.79583333,22.44083333,8.854166667,,,
64.69916667,21.96333333,8.86,,,
65.06833333,22.78333333,8.8825,,,
64.5275,21.56,8.885,,,
64.1475,21.07583333,8.878333333,,,
64.05,20.82166667,8.874166667,,,
64.24083333,21.6575,8.850833333,,,
64.22833333,22.74083333,8.745,,,
65.04583333,24.27583333,8.685,,,
64.0475,24.045,8.595,,,
65.44333333,26.475,8.603333333,,,
65.905,27.04916667,8.546666667,,,
66.335,28.16083333,8.520833333,,,
65.48166667,27.40083333,8.403333333,,,
65.83166667,27.80583333,8.395833333,,,
64.44083333,26.59583333,8.2975,,,
64.49,26.57083333,8.2975,,,
64.30333333,25.82666667,8.29,,,
63.18333333,24.60916667,8.25,,,
63.35333333,25.08083333,8.259166667,,,
62.9475,24.705,8.238333333,,,
64.90416667,26.91,8.326666667,,,
63.48,25.4975,8.279166667,,,
63.08583333,24.73916667,8.265,,,
63.8075,25.11583333,8.346666667,,,
63.30916667,24.19166667,8.375833333,,,
63.535,24.25583333,8.384166667,,,
63.94166667,24.56833333,8.444166667,,,
62.91,23.03916667,8.423333333,,,
63.35833333,23.27916667,8.520833333,,,
63.53833333,22.76666667,8.631666667,,,
63.3925,21.12916667,8.7425,,,
63.79083333,21.095,8.896666667,,,
64.0525,21.64583333,8.911666667,,,
63.93083333,20.53916667,9.050833333,,,
64.1875,21.05333333,9.040833333,,,
64.1025,21.38083333,8.955833333,,,
64.36833333,22.42916667,8.945833333,,,
64.64166667,22.85833333,8.919166667,,,
64.88333333,23.745,8.905,,,
64.55583333,23.18083333,8.871666667,,,
64.55666667,23.06166667,8.855,,,
64.93,22.765,8.973333333,,,
64.9925,23.125,8.975,,,
65.04916667,22.81333333,8.9525,,,
65.01,22.84416667,8.953333333,,,
64.855,22.04333333,9.039166667,,,
64.8625,22.3025,9.013333333,,,
64.8225,21.96333333,9.031666667,,,
64.78333333,21.95166667,9.078333333,,,
64.85083333,21.56333333,9.110833333,,,
64.7575,21.0625,9.155,,,
64.9825,22.09666667,9.0925,,,
64.995,22.50166667,9.058333333,,,
65.01666667,22.27833333,9.038333333,,,
65.10333333,22.42083333,9.036666667,,,
63.51583333,20.05166667,8.8875,,,
62.78416667,18.64583333,8.729166667,,,
62.68666667,18.75916667,8.72,,,
62.62583333,18.98666667,8.71,,,
62.23666667,18.83416667,8.650833333,,,
62.76916667,18.835,8.788333333,,,
63.82583333,18.86416667,9.18,,,
63.2625,19.54583333,9.000833333,,,
62.795,19.65166667,8.853333333,,,
62.35083333,19.69083333,8.704166667,,,
61.68083333,18.2075,8.691666667,,,
61.5475,18.86333333,8.5975,,,
61.35916667,18.6425,8.500833333,,,
61.39583333,18.7625,8.481666667,,,
61.74,19.63083333,8.486666667,,,
61.86,19.98,8.465833333,,,
61.9875,20.20583333,8.465,,,
62.4075,19.44333333,8.614166667,,,
60.715,17.015,8.403333333,,,
61.66333333,18.44833333,8.41,,,
61.44166667,18.08916667,8.4025,,,
60.465,16.2875,8.366666667,,,
60.39083333,16.3525,8.386666667,,,
61.2675,15.57583333,8.750833333,,,
60.67833333,14.60583333,8.688333333,,,
61.75833333,16.26666667,8.773333333,,,
62.01166667,16.965,8.794166667,,,
62.18416667,17.70916667,8.7975,,,
61.11166667,16.99833333,8.585,,,
61.42916667,17.80416667,8.555833333,,,
60.28166667,16.10333333,8.376666667,,,
60.13916667,15.98916667,8.3325,,,
59.71333333,15.40416667,8.290833333,,,
60.08083333,16.10416667,8.349166667,,,
60.59833333,16.78666667,8.420833333,,,
60.6425,17.39916667,8.395,,,
61.32083333,19.09333333,8.479166667,,,
61.45833333,19.61166667,8.4875,,,
61.57166667,18.45916667,8.5875,,,
61.7225,18.46916667,8.65,,,
61.9025,19.19,8.6,,,
61.845,19.77916667,8.543333333,,,
61.58916667,19.97,8.443333333,,,
61.67083333,20.50166667,8.4,,,
61.2375,20.50916667,8.300833333,,,
62.07916667,21.70416667,8.24,,,
61.7375,22.0475,8.1725,,,
61.83833333,22.08916667,8.125833333,,,
63.43833333,24.46416667,8.140833333,,,
62.56333333,24.40416667,8.041666667,,,
64.26916667,26.6475,8.1175,,,
62.825,24.44416667,7.998333333,,,
60.8125,22.28833333,7.905833333,,,
61.05583333,22.72416667,7.914166667,,,
60.73916667,22.37666667,7.923333333,,,
60.83833333,21.63,8.004166667,,,
61.01,21.30416667,8.151666667,,,
61.6475,21.73833333,8.246666667,,,
62.02916667,21.00833333,8.353333333,,,
62.77166667,21.27166667,8.5175,,,
63.155,21.87083333,8.560833333,,,
63.4175,21.78833333,8.666666667,,,
63.54916667,22.23833333,8.658333333,,,
63.62583333,22.44333333,8.666666667,,,
63.94833333,22.93,8.71,,,
64.07333333,23.26583333,8.7425,,,
64.01083333,21.005,8.963333333,,,
64.30833333,22.045,8.99,,,
64.27,22.53916667,8.98,,,
64.61916667,22.28916667,9.008333333,,,
64.41,20.82833333,9.1375,,,
64.71083333,20.44333333,9.283333333,,,
62.61,17.51416667,9.053333333,,,
61.21583333,15.52166667,8.8975,,,
61.60583333,16.39,8.9625,,,
63.27166667,18.2,9.215833333,,,
63.295,18.565,9.146666667,,,
62.80916667,19.12,8.958333333,,,
62.32583333,19.41666667,8.810833333,,,
61.9025,19.1225,8.714166667,,,
61.71333333,19.28666667,8.6675,,,
61.56666667,19.02,8.665,,,
61.68,19.38583333,8.671666667,,,
61.03583333,18.76166667,8.5425,,,
61.02166667,19.98916667,8.465833333,,,
61.22833333,20.74083333,8.394166667,,,
61.81416667,21.84666667,8.338333333,,,
61.81083333,22.0175,8.295,,,
62.04083333,22.19083333,8.2875,,,
60.725,20.89416667,8.208333333,,,
60.73166667,21.12083333,8.19,,,
61.33,21.85333333,8.18,,,
60.38083333,20.39666667,8.093333333,,,
61.135,20.365,8.216666667,,,
61.12333333,19.73083333,8.313333333,,,
60.22833333,19.42,8.256666667,,,
62.01166667,22.00916667,8.275,,,
60.5675,20.52333333,8.1725,,,
61.44083333,21.87666667,8.175,,,
60.49333333,20.60166667,8.115,,,
59.47833333,19.4025,8.066666667,,,
59.97833333,20.09083333,8.079166667,,,
61.09083333,21.00166667,8.231666667,,,
60.48166667,20.25083333,8.23,,,
60.615,20.42166667,8.226666667,,,
60.8425,21.34083333,8.21,,,
61.11333333,21.15416667,8.213333333,,,
61.1575,21.54333333,8.196666667,,,
61.11583333,21.06166667,8.198333333,,,
61.10333333,21.59166667,8.158333333,,,
61.31833333,22.1625,8.149166667,,,
61.3175,22.2175,8.1275,,,
61.39916667,22.07,8.138333333,,,
60.71666667,21.08916667,8.131666667,,,
60.97083333,21.68666667,8.1525,,,
61.1875,21.9925,8.166666667,,,
61.41583333,22.13166667,8.185,,,
61.6375,22.32333333,8.2375,,,
61.94583333,22.53583333,8.299166667,,,
62.08333333,22.51416667,8.31,,,
62.21166667,22.89666667,8.31,,,
61.96666667,22.9575,8.275833333,,,
61.92416667,22.54833333,8.28,,,
61.85,22.56583333,8.245,,,
61.65333333,22.47083333,8.225,,,
61.88583333,22.70833333,8.209166667,,,
61.56916667,22.29666667,8.1925,,,
61.53916667,22.14333333,8.19,,,
62.01166667,22.53333333,8.283333333,,,
62.04583333,21.78,8.403333333,,,
61.86416667,20.18583333,8.5675,,,
61.5575,19.88166667,8.520833333,,,
61.66583333,20.465,8.465833333,,,
62.0575,21.08416667,8.439166667,,,
61.42166667,20.965,8.365833333,,,
62.02083333,22.1325,8.34,,,
61.1875,21.33833333,8.248333333,,,
61.72916667,22.75,8.225833333,,,
62.47833333,24.01833333,8.190833333,,,
62.81833333,24.84666667,8.1675,,,
63.22833333,25.86333333,8.118333333,,,
63.11083333,25.80833333,8.056666667,,,
63,25.63916667,8.003333333,,,
62.95583333,25.42833333,7.9725,,,
61.85333333,24.43083333,7.9125,,,
62.83583333,25.73916667,7.949166667,,,
62.09416667,25.05583333,7.9125,,,
62.1925,25.3125,7.939166667,,,
63.11333333,25.83,8.014166667,,,
62.06166667,24.41333333,8.034166667,,,
62.8175,25.23333333,8.095833333,,,
61.98583333,23.5975,8.1475,,,
62.61166667,24.16083333,8.195,,,
63.01333333,23.61416667,8.371666667,,,
61.755,21.95083333,8.348333333,,,
62.90916667,23.21416667,8.425,,,
62.26666667,21.56416667,8.496666667,,,
62.80416667,22.4,8.6025,,,
63.27416667,22.98333333,8.643333333,,,
63.5575,23.52083333,8.665833333,,,
63.64083333,24.1975,8.655,,,
63.71333333,24.33166667,8.6125,,,
64.0525,25.03666667,8.591666667,,,
64.625,25.58166667,8.660833333,,,
64.50416667,25.50583333,8.658333333,,,
62.99333333,23.85166667,8.574166667,,,
63.11083333,23.635,8.534166667,,,
63.56916667,24.01,8.574166667,,,
63,22.9775,8.6025,,,
63.25666667,23.5825,8.625833333,,,
63.64166667,23.50166667,8.671666667,,,
63.49583333,23.52166667,8.675,,,
63.81666667,24.2325,8.635833333,,,
63.08833333,23.90166667,8.5775,,,
64.19583333,25.66833333,8.574166667,,,
64.01083333,25.565,8.52,,,
62.81666667,24.08166667,8.460833333,,,
63.20333333,24.45166667,8.443333333,,,
62.92166667,23.76,8.443333333,,,
63.27666667,23.07416667,8.636666667,,,
63.3775,23.45833333,8.609166667,,,
62.86416667,22.97666667,8.573333333,,,
62.9475,23.02333333,8.573333333,,,
63.435,23.85166667,8.591666667,,,
63.11583333,23.92916667,8.551666667,,,
64.05583333,25.38,8.553333333,,,
64.90583333,26.6975,8.53,,,
65.5425,27.58166667,8.483333333,,,
64.45416667,27.13666667,8.396666667,,,
65.11833333,27.6925,8.370833333,,,
63.73666667,26.30416667,8.268333333,,,
64.53083333,26.73666667,8.284166667,,,
62.0225,23.5475,8.188333333,,,
62.62166667,24.00916667,8.2,,,
63.005,24.11833333,8.296666667,,,
62.91166667,24.2075,8.296666667,,,
62.32416667,23.79916667,8.285,,,
62.58583333,24.14583333,8.284166667,,,
62.7875,24.5675,8.2725,,,
64.19583333,26.08166667,8.325833333,,,
62.77583333,24.675,8.265,,,
63.23833333,25.36333333,8.280833333,,,
62.83333333,24.98333333,8.236666667,,,
64.0475,26.61416667,8.283333333,,,
63.20583333,25.52,8.213333333,,,
63.63916667,26.32083333,8.221666667,,,
65.45333333,27.85083333,8.3275,,,
63.55833333,25.68583333,8.241666667,,,
64.28583333,26.54583333,8.235,,,
63.98166667,26.23916667,8.188333333,,,
64.29666667,26.77083333,8.161666667,,,
63.94583333,26.27916667,8.134166667,,,
63.15916667,25.38416667,8.048333333,,,
62.87916667,25.5575,8.038333333,,,
63.87416667,26.7775,8.055833333,,,
63.15333333,26.11,8.01,,,
62.88833333,25.65583333,8.005833333,,,
62.94916667,25.7725,8.000833333,,,
63.39833333,26.79666667,8.0325,,,
64.28,27.90166667,8.178333333,,,
65.80416667,29.1575,8.2925,,,
64.51583333,28.1225,8.269166667,,,
65.73583333,28.44666667,8.39,,,
63.42333333,25.3275,8.375,,,
65.38416667,27.535,8.4975,,,
65.15083333,27.43833333,8.488333333,,,
67.9275,29.8375,8.6725,,,
64.19416667,25.48166667,8.558333333,,,
66.28416667,27.67916667,8.690833333,,,
63.6,24.04416667,8.615,,,
63.95416667,24.21333333,8.639166667,,,
64.32416667,25.2175,8.655,,,
64.58333333,25.265,8.666666667,,,
64.1575,24.69083333,8.704166667,,,
65.315,26.30166667,8.7825,,,
64.11666667,25.06166667,8.760833333,,,
64.57833333,25.53666667,8.715833333,,,
65.21416667,26.15833333,8.7025,,,
65.31916667,26.49,8.651666667,,,
64.70083333,25.73166667,8.569166667,,,
64.82833333,25.68333333,8.559166667,,,
64.19083333,24.64166667,8.495,,,
63.76083333,24.27166667,8.445,,,
64.16416667,24.77666667,8.439166667,,,
64.12416667,24.53583333,8.410833333,,,
64.295,24.97666667,8.405833333,,,
63.17416667,23.65333333,8.314166667,,,
64.2275,24.9525,8.358333333,,,
63.17,23.48166667,8.33,,,
63.57333333,24.23083333,8.326666667,,,
64.04,25.17083333,8.3225,,,
65.43166667,26.98416667,8.3475,,,
64.6675,26.53583333,8.289166667,,,
64.745,26.65666667,8.271666667,,,
65.5825,27.48,8.2875,,,
67.40083333,28.33166667,8.54,,,
66.72833333,25.80666667,8.664166667,,,
68.17916667,27.99083333,8.6975,,,
67.58166667,27.6975,8.610833333,,,
68.29,28.48333333,8.629166667,,,
68.06166667,28.27916667,8.603333333,,,
67.13333333,28.17166667,8.5175,,,
67.00083333,27.76916667,8.533333333,,,
66.95416667,26.3125,8.675833333,,,
66.49916667,26.58416667,8.656666667,,,
67.1625,27.88,8.66,,,
68.30666667,29.10583333,8.716666667,,,
68.11416667,28.5975,8.675833333,,,
67.34333333,28.27083333,8.609166667,,,
67.73583333,28.66416667,8.63,,,
67.18,28.3325,8.5825,,,
68.28166667,29.165,8.655,,,
66.92333333,27.35833333,8.639166667,,,
68.48166667,28.53666667,8.781666667,,,
67.27,27.655,8.693333333,,,
67.94583333,28.64916667,8.703333333,,,
68.07583333,29.17166667,8.691666667,,,
68.11666667,29.57,8.664166667,,,
67.9175,29.4875,8.61,,,
68.38333333,29.99583333,8.615833333,,,
68.43583333,30.65333333,8.589166667,,,
69.03916667,31.15583333,8.62,,,
69.25416667,30.79083333,8.68,,,
68.16,29.21416667,8.6425,,,
67.78666667,28.06083333,8.7275,,,
68.79666667,28.91166667,8.8075,,,
67.68416667,28.03333333,8.711666667,,,
66.91416667,27.2375,8.684166667,,,
68.35416667,28.38083333,8.79,,,
68.05416667,27.8525,8.839166667,,,
67.61333333,27.71666667,8.794166667,,,
67.495,27.745,8.76,,,
68.195,28.16666667,8.7975,,,
67.76416667,28.1775,8.740833333,,,
68.12416667,27.46166667,8.910833333,,,
68.5425,27.83333333,8.916666667,,,
67.99583333,27.27,8.89,,,
67.77,27.21916667,8.878333333,,,
67.7025,26.9025,8.8425,,,
66.745,26.20166667,8.765,,,
66.67083333,26.755,8.728333333,,,
67.205,27.23833333,8.715,,,
67.08416667,27.35083333,8.730833333,,,
67.58333333,26.28083333,8.93,,,
67.62416667,26.26333333,8.925833333,,,
66.69833333,24.42416667,8.948333333,,,
65.6675,23.195,8.894166667,,,
66.005,24.41083333,8.826666667,,,
67.16416667,25.54666667,8.908333333,,,
66.40416667,25.36916667,8.850833333,,,
67.01916667,25.965,8.823333333,,,
66.2025,24.93333333,8.820833333,,,
66.12916667,24.81333333,8.813333333,,,
65.7975,23.48,8.891666667,,,
66.55666667,23.25416667,9.068333333,,,
66.285,22.405,9.131666667,,,
66.51833333,21.9825,9.204166667,,,
64.8375,19.90083333,9.166666667,,,
64.565,19.915,9.14,,,
65.16,19.70916667,9.306666667,,,
64.75916667,18.9825,9.335833333,,,
64.87166667,19.67333333,9.3375,,,
65.11,20.74333333,9.284166667,,,
65.53,20.495,9.4025,,,
65.0625,20.44333333,9.355,,,
65.295,20.57916667,9.338333333,,,
65.085,20.46333333,9.289166667,,,
65.75333333,20.525,9.404166667,,,
64.8075,19.15083333,9.33,,,
65.47333333,20.29833333,9.303333333,,,
65.97416667,21.26333333,9.354166667,,,
65.17916667,21.2325,9.1425,,,
64.3375,20.20416667,9.010833333,,,
65.96916667,22.67916667,9.121666667,,,
65.57583333,22.48833333,9.068333333,,,
65.83666667,22.9575,9.024166667,,,
65.2225,22.11166667,9.004166667,,,
65.6775,22.93333333,8.994166667,,,
66.5075,24.44583333,8.986666667,,,
65.2225,22.4925,8.923333333,,,
65.75583333,23.52,8.900833333,,,
65.395,22.745,8.876666667,,,
65.86083333,23.42416667,8.8975,,,
64.95666667,21.78416667,8.879166667,,,
63.88666667,20.83166667,8.814166667,,,
64.08666667,19.8775,8.935833333,,,
63.58166667,19.43666667,8.89,,,
64.08916667,17.87333333,9.1425,,,
64.32,18.16,9.163333333,,,
65.54166667,20.82583333,9.139166667,,,
66.01416667,22.27666667,9.0925,,,
66.31166667,23.46,9.018333333,,,
66.74,24.43333333,8.964166667,,,
66.11583333,24.2025,8.845833333,,,
66.20666667,25.03166667,8.791666667,,,
65.67583333,24.28416667,8.715,,,
65.87416667,24.16333333,8.730833333,,,
64.8425,23.36666667,8.666666667,,,
64.4725,22.13583333,8.7125,,,
64.99583333,21.74,8.868333333,,,
63.02583333,18.88,8.865,,,
65.06166667,21.365,8.9625,,,
64.45583333,21.0325,8.953333333,,,
66.425,22.83833333,9.096666667,,,
66.82083333,24.14083333,9.0375,,,
66.45166667,24.5525,8.948333333,,,
67.64583333,26.89,8.944166667,,,
67.59,26.76166667,8.898333333,,,
67.60083333,26.59416667,8.91,,,
67.1075,26.2225,8.855,,,
67.71333333,26.9425,8.86,,,
68.59083333,28.30333333,8.915833333,,,
67.27916667,27.3875,8.771666667,,,
68.82583333,28.74916667,8.858333333,,,
67.45416667,27.8825,8.749166667,,,
69.00666667,28.53416667,8.9,,,
67.195,27.07666667,8.8025,,,
67.7125,28.03583333,8.879166667,,,
68.60916667,28.11083333,9.084166667,,,
68.15916667,27.00666667,9.253333333,,,
68.48083333,27.61083333,9.340833333,,,
68.87416667,28.1425,9.368333333,,,
73.41416667,30.4975,9.945,,,
76.23333333,30.4,10.4275,,,
76.45166667,30.75166667,10.32666667,,,
78.66083333,31.55916667,10.68166667,,,
76.15,29.33166667,10.36666667,,,
74.875,28.83083333,10.13583333,,,
73.875,28.6775,9.941666667,,,
73.50833333,28.31666667,9.8775,,,
74.08166667,28.9625,9.963333333,,,
73.60666667,28.13666667,10.01666667,,,
73.7025,29.02,9.915833333,,,
71.26916667,27.28833333,9.6,,,
74.7675,32.20583333,9.873333333,,,
75.46666667,33.83333333,9.851666667,,,
74.78583333,33.465,9.709166667,,,
74.06,32.94916667,9.596666667,,,
73.89166667,32.845,9.521666667,,,
73.96,31.70666667,9.68,,,
74.81166667,32.02,9.856666667,,,
74.495,28.92916667,10.11166667,,,
74.61833333,28.14666667,10.28666667,,,
74.755,28.77833333,10.22583333,,,
74.97166667,28.74916667,10.25583333,,,
78.36916667,30.4575,10.57416667,,,
81.60666667,34.00833333,10.73666667,,,
89.25333333,34.46833333,10.83,,,
83.06833333,34.14083333,10.51166667,,,
86.01916667,34.7525,10.42083333,,,
84.49166667,33.1775,10.365,,,
78.56083333,33.37166667,10.2975,,,
77.79833333,32.84083333,10.29333333,,,
77.4225,31.115,10.49416667,,,
76.74833333,29.985,10.46666667,,,
76.75636364,29.00272727,10.77818182,,,
76.7575,26.855,11.11,,,
77.045,27.11333333,11.16583333,,,
77.12666667,26.9325,11.18,,,
77.31333333,27.93416667,11.10166667,,,
78.0025,27.94416667,11.3475,,,
79.31666667,27.9025,11.67166667,,,
82.60833333,31.26916667,11.8675,,,
83.89666667,32.055,11.91333333,,,
83.1425,30.84,11.795,,,
83.24333333,30.625,11.725,,,
82.85166667,29.75583333,11.65166667,,,
81.94833333,28.9925,11.5375,,,
81.9925,29.21,11.5175,,,
81.91916667,29.16,11.48916667,,,
81.18083333,28.3325,11.41166667,,,
80.7725,28.665,11.34166667,,,
80.03333333,28.495,11.20916667,,,
78.2375,28.27916667,10.99916667,,,
88.47333333,30.46416667,11.13166667,,,
82.00833333,27.29916667,10.87416667,,,
76.86166667,27.115,10.8275,,,
76.77166667,26.68,10.85666667,,,
76.48083333,26.21166667,10.86166667,,,
77.54916667,27.37333333,10.93166667,,,
76.90916667,26.1575,10.94916667,,,
76.43083333,25.325,10.95666667,,,
76.76416667,25.71833333,11.04083333,,,
77.01833333,25.95083333,11.04333333,,,
77.79833333,27.25083333,11.02916667,,,
78.31416667,28.13666667,11.00666667,,,
79.00833333,29.49583333,11.0125,,,
79.52416667,29.9125,11.02416667,,,
81.60916667,29.71166667,10.9475,,,
86.4175,29.05916667,10.89416667,,,
76.32916667,25.4325,10.61083333,,,
74.48583333,25.72666667,10.56083333,,,
74.78833333,24.88583333,10.69416667,,,
74.67083333,24.605,10.745,,,
74.87363636,24.21090909,10.87818182,,,
75.7175,25.18583333,10.94916667,,,
75.9525,25.05666667,11.05083333,,,
76.25666667,26.27083333,11.035,,,
76.56833333,25.70916667,11.09416667,,,
76.52666667,24.51333333,11.13583333,,,
77.22166667,26.07833333,11.195,,,
77.23916667,25.765,11.26833333,,,
77.4675,25.805,11.31416667,,,
77.6325,25.30833333,11.36416667,,,
78.305,26.33833333,11.38916667,,,
78.22583333,26.02916667,11.42083333,,,
77.65333333,25.11916667,11.37,,,
77.19916667,25.31083333,11.27833333,,,
76.93833333,25.80416667,11.18,,,
76.96083333,25.67583333,11.175,,,
76.7325,25.33833333,11.17,,,
76.66916667,25.73333333,11.12083333,,,
76.50583333,25.64166667,11.08583333,,,
76.37666667,26.33166667,11.02916667,,,
76.25166667,26.17916667,10.99833333,,,
76.74583333,26.49166667,11.04166667,,,
76.275,26.31916667,10.97666667,,,
76.5875,26.67166667,10.97583333,,,
76.02583333,26.10833333,10.92166667,,,
77.26916667,27.40166667,10.98833333,,,
75.81916667,26.00666667,10.905,,,
76.74666667,28.12333333,10.85416667,,,
76.50583333,28.84833333,10.7075,,,
76.78833333,29.83083333,10.65416667,,,
76.80166667,29.78916667,10.63166667,,,
84.2575,32.07333333,10.98083333,,,
84.35,33.07666667,11.25,,,
81.40416667,31.7825,11.1675,,,
81.08,31.37916667,11.17,,,
80.77666667,30.98833333,11.175,,,
79.84333333,29.27833333,11.18833333,,,
79.40583333,28.3275,11.26083333,,,
79.7725,28.18166667,11.355,,,
80.60666667,29.05833333,11.45083333,,,
80.18166667,28.34666667,11.4525,,,
80.83166667,28.86416667,11.48,,,
80.9175,29.16583333,11.45666667,,,
80.95083333,29.3475,11.47666667,,,
80.42333333,28.69833333,11.49416667,,,
80.675,28.29416667,11.52916667,,,
81.2,28.39,11.57,,,
79.6575,27.035,11.575,,,
79.40333333,26.63666667,11.59333333,,,
79.8575,26.98416667,11.62916667,,,
80.91333333,27.91666667,11.63,,,
80.73083333,27.70416667,11.61166667,,,
80.6725,27.8475,11.605,,,
79.985,27.41333333,11.515,,,
81.33333333,29.13,11.52083333,,,
82.02666667,30.33833333,11.52166667,,,
81.45333333,30.455,11.4325,,,
85.27916667,31.8675,11.5575,,,
82.30916667,31.26083333,11.42333333,,,
82.72916667,32.00916667,11.4525,,,
82.74,32.47916667,11.42583333,,,
82.805,32.94,11.365,,,
82.99666667,33.41166667,11.36083333,,,
83.55666667,33.81416667,11.37,,,
83.85416667,33.2875,11.365,,,
81.99666667,31.48916667,11.21833333,,,
75.99833333,26.4025,10.8475,,,
75.5025,26.74,10.70833333,,,
75.04166667,25.87916667,10.64583333,,,
75.12666667,25.4375,10.7175,,,
74.51166667,24.69333333,10.70166667,,,
74.9425,24.7475,10.78666667,,,
74.69583333,24.19333333,10.8075,,,
74.975,24.19166667,10.81416667,,,
75.64,24.1975,10.9025,,,
75.20454545,23.89,10.93909091,,,
75.22166667,23.96083333,10.985,,,
75.03416667,23.8625,10.98416667,,,
75.16,24.06833333,10.98833333,,,
75.26083333,24.53166667,11.01416667,,,
75.30833333,24.67833333,11.05416667,,,
75.13666667,23.44333333,11.09166667,,,
75.615,24.10166667,11.15,,,
75.65333333,23.93166667,11.18583333,,,
76.2825,24.52166667,11.2275,,,
76.49083333,24.26333333,11.31666667,,,
76.7125,24.52,11.3525,,,
76.67416667,24.28583333,11.33916667,,,
77.0975,25.4375,11.31,,,
77.30833333,25.68583333,11.3375,,,
77.58916667,25.12583333,11.40416667,,,
78.79166667,26.34833333,11.43083333,,,
81.05833333,28.7175,11.5275,,,
80.81833333,28.71583333,11.53083333,,,
81.44333333,28.9275,11.5475,,,
80.875,28.59416667,11.48666667,,,
80.42583333,28.26916667,11.4325,,,
81.0025,28.63166667,11.42833333,,,
76.2875,23.8925,11.1625,,,
78.795,26.8075,11.24333333,,,
76.5525,24.01416667,11.13833333,,,
77.73333333,25.56916667,11.205,,,
77.3925,25.1175,11.1775,,,
76.78916667,24.5475,11.14333333,,,
77.86166667,25.40833333,11.21416667,,,
77.12666667,24.54583333,11.17416667,,,
77.77583333,24.83416667,11.2175,,,
77.0225,23.75583333,11.18,,,
76.09666667,22.65333333,11.15583333,,,
77.01416667,23.88333333,11.2,,,
76.77583333,23.50666667,11.19666667,,,
77.035,23.52416667,11.23166667,,,
76.5775,22.82416667,11.2,,,
76.48083333,22.94083333,11.20583333,,,
77.10916667,23.63166667,11.25916667,,,
77.10666667,23.25916667,11.27,,,
76.7375,22.535,11.285,,,
76.69833333,22.155,11.32,,,
76.925,22.05833333,11.355,,,
76.415,21.9,11.33916667,,,
76.2975,22.05916667,11.31666667,,,
76.4675,21.86,11.34916667,,,
76.26916667,21.21833333,11.40583333,,,
77.0025,21.8525,11.49583333,,,
77.46916667,21.79083333,11.60916667,,,
78.14833333,22.2875,11.6875,,,
78.1625,22.09583333,11.74416667,,,
78.70333333,22.30416667,11.8175,,,
79.47416667,22.98583333,11.91583333,,,
80.3875,23.92583333,12.035,,,
80.98583333,24.16583333,12.0925,,,
81.41416667,24.61916667,12.15666667,,,
83.09666667,26.58333333,12.2625,,,
100.3691667,42.1975,13.3,,,
93.38416667,36.46333333,12.82166667,,,
90.80416667,34.35,12.56333333,,,
92.155,35.82916667,12.67083333,,,
90.43545455,34.54363636,12.51181818,,,
89.935,33.7825,12.46583333,,,
86.73833333,31.42833333,12.13916667,,,
87.19416667,31.815,12.16416667,,,
86.12083333,31.34416667,12.08666667,,,
87.28833333,32.52833333,12.15666667,,,
86.39583333,31.60166667,12.06166667,,,
84.06916667,29.405,11.90333333,,,
82.93416667,28.2975,11.82416667,,,
82.735,28.0175,11.81333333,,,
84.8475,29.81416667,11.96333333,,,
85.42583333,30.22,12.01583333,,,
82.91416667,27.92583333,11.845,,,
85.55166667,29.995,12.03333333,,,
83.57833333,27.99,11.90416667,,,
83.74416667,28.45333333,11.905,,,
83.81583333,28.23083333,11.95083333,,,
84.33666667,28.63083333,12.00666667,,,
84.91916667,28.74583333,12.07666667,,,
86.88583333,30.63583333,12.22083333,,,
87.30333333,30.53,12.22416667,,,
86.97333333,30.16333333,12.1875,,,
87.22416667,29.87333333,12.15166667,,,
86.61916667,29.57,12.08833333,,,
86.52416667,29.76833333,12.02083333,,,
92.6425,30.03,12.0675,,,
85.63083333,25.44666667,11.65,,,
78.45833333,21.6825,11.42333333,,,
79.31416667,22.74916667,11.42,,,
79.395,23.4725,11.41083333,,,
79.47272727,23.45363636,11.42454545,,,
77.39083333,20.86166667,11.37833333,,,
75.23166667,17.44666667,11.38333333,,,
75.445,17.94583333,11.4025,,,
76.25333333,18.48083333,11.49083333,,,
77.09,19.715,11.6125,,,
77.37916667,19.495,11.64166667,,,
78.08,19.92583333,11.72833333,,,
78.80583333,20.58333333,11.81666667,,,
78.14,19.03583333,11.7525,,,
77.92583333,18.81833333,11.77666667,,,
78.12833333,19.17833333,11.80166667,,,
77.76083333,18.98166667,11.75916667,,,
77.76916667,19.33083333,11.76083333,,,
77.7425,19.1175,11.70833333,,,
76.7675,18.31,11.6825,,,
76.8025,18.73333333,11.67666667,,,
76.62333333,19.065,11.66,,,
76.42833333,18.9475,11.64,,,
76.41083333,19.2725,11.61166667,,,
76.44083333,19.33833333,11.60583333,,,
76.64916667,19.24333333,11.6325,,,
76.91083333,19.36833333,11.66166667,,,
76.95416667,19.62833333,11.67083333,,,
77.31666667,19.825,11.69666667,,,
77.505,19.90166667,11.73916667,,,
77.44166667,19.58416667,11.7225,,,
77.8125,20.09416667,11.70666667,,,
77.19333333,18.9825,11.70166667,,,
77.09333333,19.2,11.66416667,,,
77.30166667,19.015,11.70666667,,,
77.08416667,18.85416667,11.6975,,,
77.59916667,19.93583333,11.68666667,,,
77.69,20.25333333,11.76666667,,,
77.64916667,20.3575,11.75083333,,,
77.86666667,20.58416667,11.82916667,,,
77.90416667,20.635,11.84416667,,,
78.13916667,21.32583333,11.8525,,,
78.75416667,22.17083333,11.82166667,,,
78.665,21.98833333,11.80583333,,,
78.43833333,21.765,11.80833333,,,
78.25083333,21.41083333,11.76833333,,,
78.30166667,21.875,11.7675,,,
78.7375,22.60416667,11.74083333,,,
77.9375,21.78416667,11.68333333,,,
78.02416667,21.97083333,11.66916667,,,
78.92166667,23.54083333,11.67416667,,,
78.43333333,23.66666667,11.59916667,,,
78.5625,23.97666667,11.57416667,,,
78.78666667,23.96,11.5325,,,
78.45583333,23.78416667,11.51833333,,,
77.19583333,22.25333333,11.4675,,,
78.17416667,23.45,11.47666667,,,
77.48583333,22.54166667,11.47,,,
78.00333333,23.1925,11.485,,,
77.7825,22.1975,11.53,,,
77.0525,21.24083333,11.55,,,
76.9425,20.7375,11.6025,,,
77.2875,20.88666667,11.6825,,,
77.48083333,20.63,11.74583333,,,
78.005,21.4825,11.77,,,
78.17083333,21.64833333,11.83583333,,,
79.45583333,23.34166667,11.87166667,,,
78.44583333,21.7425,11.845,,,
78.49583333,21.09083333,11.9,,,
79.02166667,21.80083333,11.9575,,,
79.1875,21.85416667,11.90916667,,,
79.05,22.04083333,11.90583333,,,
79.02583333,21.97833333,11.9175,,,
79.075,22.12916667,11.93416667,,,
79.03666667,22.36666667,11.8725,,,
78.82583333,22.3925,11.87,,,
78.73083333,22.83083333,11.83166667,,,
79.02833333,23.41666667,11.815,,,
79.63083333,24.58583333,11.8225,,,
79.455,24.18166667,11.80083333,,,
79.885,24.95,11.79833333,,,
78.84583333,23.2725,11.77333333,,,
79.2275,23.89166667,11.78916667,,,
79.9875,25.05916667,11.78166667,,,
80.9925,26.45,11.7975,,,
79.05166667,23.89166667,11.68,,,
79.12,23.48083333,11.69333333,,,
77.45333333,21.0425,11.67166667,,,
78.54,22.285,11.715,,,
77.64166667,20.9975,11.7175,,,
77.6925,20.94916667,11.7675,,,
77.85333333,20.63833333,11.79833333,,,
77.7975,20.7275,11.825,,,
78.445,22.22666667,11.835,,,
78.54333333,22.23916667,11.8775,,,
79.35583333,22.69083333,11.88833333,,,
79.42666667,22.98,11.92833333,,,
79.29166667,22.82833333,11.92,,,
79.63583333,23.68333333,11.8875,,,
79.09666667,22.93666667,11.85833333,,,
79.58916667,23.94583333,11.81083333,,,
79.71,24.20333333,11.81,,,
80.96583333,25.87,11.81166667,,,
78.95666667,24.23416667,11.68333333,,,
79.78083333,25.36583333,11.69833333,,,
80.295,25.79416667,11.67,,,
79.68416667,25.755,11.6675,,,
80.5425,26.91833333,11.65833333,,,
81.235,27.685,11.6575,,,
81.485,28.05583333,11.64916667,,,
81.475,28.27666667,11.6275,,,
82.41833333,29.93666667,11.67333333,,,
83.8125,31.42,11.74916667,,,
86.63333333,35.04583333,11.99916667,,,
85.07166667,33.60916667,11.83166667,,,
87.00166667,35.3475,12.01666667,,,
88.2,36.4125,12.09833333,,,
88.36333333,36.47416667,12.05333333,,,
88.04916667,35.72166667,12.005,,,
87.11333333,35.075,11.88833333,,,
88.25083333,36.0975,12.02916667,,,
87.16833333,35.27333333,11.93333333,,,
87.42,35.13583333,11.96916667,,,
87.93666667,35.63416667,12.02583333,,,
86.96916667,35.07166667,11.92166667,,,
86.86916667,34.67166667,11.90416667,,,
86.87416667,35.06916667,11.91,,,
86.3075,34.5075,11.85166667,,,
86.07833333,34.25666667,11.84916667,,,
86.15333333,34.33833333,11.88416667,,,
86.10333333,34.8325,11.9425,,,
85.97416667,34.48083333,11.92583333,,,
85.99083333,33.96416667,11.98916667,,,
85.86916667,33.35833333,12.0175,,,
85.25,32.28166667,12.02916667,,,
85.16166667,32.0275,12.07416667,,,
86.07916667,32.955,12.12583333,,,
86.335,33.18916667,12.1425,,,
87.055,34.52166667,12.27916667,,,
86.80583333,34.77833333,12.2575,,,
87.57333333,35.40416667,12.29583333,,,
86.99416667,35.0775,12.2225,,,
86.62333333,34.77,12.17833333,,,
84.50583333,32.8175,11.995,,,
84.91083333,33.15166667,12.00083333,,,
85.10666667,33.69833333,12.00333333,,,
86.46583333,35.0925,12.09833333,,,
85.385,34.27,11.98083333,,,
85.9475,35.09083333,12.00583333,,,
85.715,35.15833333,11.94,,,
93.51916667,35.64416667,12.01666667,,,
85.86083333,33.255,11.76333333,,,
102.1016667,38.23666667,12.14666667,,,
94.10833333,36.055,11.74333333,,,
94.1425,37.00833333,11.595,,,
85.98666667,37.35666667,11.50333333,,,
85.4425,37.41083333,11.45,,,
83.73666667,37.14666667,11.14583333,,,
83.075,35.49666667,11.105,,,
81.665,33.545,11.04333333,,,
82.13916667,33.70916667,11.1275,,,
81.01166667,32.26166667,11.14083333,,,
79.69,30.85583333,11.105,,,
79.82083333,30.38833333,11.18166667,,,
79.52583333,29.185,11.29166667,,,
80.1025,29.31416667,11.38333333,,,
81.39583333,30.96333333,11.51333333,,,
87.6875,37.58166667,11.9925,,,
89.69416667,38.685,12.235,,,
89.40666667,38.51,12.23583333,,,
88.895,37.99166667,12.22083333,,,
89.2875,37.94083333,12.30666667,,,
87.69583333,36.6675,12.19833333,,,
85.545,34.03666667,11.98333333,,,
85.88166667,34.505,11.97916667,,,
86.84833333,35.48083333,11.99833333,,,
86.78083333,35.645,11.94333333,,,
86.955,36.17,11.94,,,
87.03666667,36.68166667,11.805,,,
88.77333333,37.84833333,11.8175,,,
96.82083333,37.6525,11.7475,,,
93.19916667,38.57916667,11.72666667,,,
101.4691667,38.94083333,11.665,,,
88.4525,38.455,11.72916667,,,
89.295,38.32833333,11.86416667,,,
89.07833333,38.97416667,11.82166667,,,
88.25833333,37.30833333,11.80166667,,,
87.35333333,35.845,11.76,,,
87.02,35.04,11.76166667,,,
85.6975,33.645,11.6825,,,
85.07083333,33.18916667,11.65666667,,,
90.07416667,34.44583333,11.75166667,,,
85.42916667,34.25333333,11.6875,,,
86.03583333,34.49916667,11.80083333,,,
84.75666667,33.00333333,11.7575,,,
84.935,33.1475,11.83333333,,,
86.2975,33.7025,12.02,,,
85.55666667,32.92333333,11.985,,,
84.04666667,31.74083333,11.99166667,,,
85.39166667,32.76666667,12.12833333,,,
86.4325,33.46583333,12.21416667,,,
88.11916667,35.28083333,12.32583333,,,
88.55416667,35.24166667,12.37666667,,,
86.88416667,33.74333333,12.31583333,,,
85.85416667,33.03,12.25833333,,,
85.83,32.5975,12.22416667,,,
86.02416667,32.9175,12.235,,,
85.8375,32.36083333,12.185,,,
84.595,31.9075,12.0875,,,
85.6575,32.71166667,12.10416667,,,
84.98833333,32.00416667,12.05916667,,,
84.935,31.66166667,12.04083333,,,
84.20666667,31.20416667,11.97583333,,,
84.74666667,32.30916667,11.90333333,,,
85.79,33.93583333,11.91666667,,,
86.7175,34.79833333,11.95416667,,,
85.795,33.79916667,11.83916667,,,
86.04583333,34.26916667,11.7975,,,
86.3625,34.29833333,11.79333333,,,
86.3425,34.43583333,11.72333333,,,
86.28833333,34.62,11.66916667,,,
86.88833333,34.93166667,11.70166667,,,
81.64,31.07166667,11.23083333,,,
82.30916667,32.575,11.1475,,,
82.91416667,32.90916667,11.19833333,,,
85.5375,32.29083333,11.26916667,,,
83.9425,32.1925,11.22916667,,,
86.75416667,32.4175,11.2375,,,
81.19,32.09666667,11.20333333,,,
82.30416667,33.33333333,11.27416667,,,
82.4625,31.1425,11.185,,,
79.32666667,30.41583333,11.04,,,
79.06833333,30.0125,11.0075,,,
77.98,28.23583333,10.99916667,,,
78.73583333,28.97,11.09166667,,,
79.11916667,27.89583333,11.23916667,,,
79.2025,27.8275,11.28916667,,,
77.695,26.21333333,11.17166667,,,
78.29416667,27.53,11.17833333,,,
77.84416667,26.69833333,11.14833333,,,
77.7125,27.63583333,11.05666667,,,
78.96,28.41,11.12916667,,,
77.925,27.71916667,11.04333333,,,
78.16916667,28.8425,10.9425,,,
78.61166667,29.94416667,10.91416667,,,
79.01333333,30.12333333,10.92166667,,,
82.28416667,31.30583333,10.8575,,,
84.80833333,31.21416667,10.795,,,
83.7575,29.52333333,10.67166667,,,
77.64083333,29.54583333,10.54166667,,,
78.19583333,29.25666667,10.6325,,,
77.95166667,28.94666667,10.65583333,,,
76.62583333,29.48083333,10.545,,,
80.8775,31.9225,10.69583333,,,
82.97583333,31.965,10.7,,,
78.87666667,31.96916667,10.63083333,,,
79.4025,32.1175,10.7125,,,
77.59666667,29.55833333,10.67,,,
77.25583333,29.45166667,10.71583333,,,
78.99416667,30.44,10.93916667,,,
78.58916667,30.28583333,10.85833333,,,
78.63666667,29.89916667,10.91,,,
78.20333333,29.16833333,10.9475,,,
77.21166667,27.9875,10.89333333,,,
76.785,27.89166667,10.86166667,,,
76.72166667,27.57666667,10.86583333,,,
76.80833333,26.83416667,10.96083333,,,
76.535,25.94583333,10.97333333,,,
75.73833333,25.625,10.87916667,,,
75.66833333,24.785,10.94666667,,,
75.62583333,24.0625,10.975,,,
75.3475,24.06083333,10.96833333,,,
75.75166667,24.4325,10.97166667,,,
76.21333333,25.73833333,10.91416667,,,
76.16833333,26.4875,10.85666667,,,
78.11916667,28.515,10.96833333,,,
75.55916667,25.625,10.70416667,,,
84.12333333,26.88583333,10.65833333,,,
86.80416667,27.20416667,10.60166667,,,
81.4975,27.05083333,10.48333333,,,
76.30583333,28.87083333,10.49333333,,,
78.4725,29.87083333,10.78166667,,,
77.75416667,28.6225,10.8225,,,
77.76333333,28.8425,10.82166667,,,
77.85916667,28.90916667,10.80416667,,,
80.4075,30.39166667,10.78583333,,,
90.07333333,31.36666667,10.71666667,,,
90.24166667,31.64,10.6275,,,
90.98666667,32.63083333,10.69416667,,,
89.96666667,32.5025,10.64166667,,,
90.36083333,32.0775,10.70833333,,,
90.6625,32.11833333,10.80416667,,,
83.15333333,32.40083333,10.82416667,,,
81.84416667,32.81333333,10.93166667,,,
80.53,33.44666667,11.00666667,,,
80.33166667,33.31583333,10.97416667,,,
81.57666667,34.79583333,11.05333333,,,
81.76583333,34.615,11.09166667,,,
81.18166667,33.96916667,11.065,,,
80.45833333,34.065,11.01166667,,,
80.765,34.49,10.99916667,,,
82.13833333,34.52083333,11.1975,,,
81.88083333,33.41833333,11.30083333,,,
83.61333333,34.46916667,11.51583333,,,
83.27583333,33.80583333,11.51,,,
82.8975,33.83083333,11.44083333,,,
83.3675,33.79666667,11.485,,,
82.31083333,33.67,11.30666667,,,
82.64583333,34.3175,11.22416667,,,
83.21,35.19,11.21833333,,,
83.01166667,35.3325,11.15583333,,,
83.28333333,35.7675,11.10833333,,,
92.27,37.10166667,11.16166667,,,
96.38333333,37.075,11.1,,,
83.3975,33.805,10.78916667,,,
90.14583333,37.34166667,10.445,,,
93.35,41.1,10.13833333,,,
77.63833333,33.70416667,9.835,,,
78.86083333,34.89666667,9.956666667,,,
82.3825,35.60333333,10.70416667,,,
83.21833333,34.1375,11.045,,,
83.56166667,34.78916667,11.07,,,
83.71666667,34.91083333,11.05416667,,,
83.83833333,35.25666667,11.02,,,
84.675,35.73416667,11.10583333,,,
83.67666667,35.0625,10.97083333,,,
83.04333333,34.39083333,10.92,,,
82.8275,33.76916667,10.90416667,,,
82.83583333,33.11916667,11.00333333,,,
82.12083333,32.3125,10.92166667,,,
82.31166667,32.30333333,10.96083333,,,
82.09083333,32.0875,10.95916667,,,
80.66583333,31.09333333,10.965,,,
80.70666667,31.46916667,10.91666667,,,
80.2325,30.24583333,10.9725,,,
81.36,29.93083333,11.2225,,,
81.29666667,29.5675,11.28416667,,,
81.84916667,28.78833333,11.44583333,,,
80.81583333,27.74666667,11.45833333,,,
81.30333333,28.24583333,11.48333333,,,
81.6925,28.77916667,11.5075,,,
82.69166667,29.43583333,11.59,,,
82.98833333,29.10583333,11.65083333,,,
82.49083333,29.24333333,11.56583333,,,
82.55583333,29.0125,11.62,,,
82.89333333,29.15583333,11.6575,,,
83.87,29.80916667,11.73166667,,,
83.59333333,29.77666667,11.61166667,,,
82.4125,30.1125,11.39166667,,,
82.01583333,30.6675,11.27666667,,,
82.62166667,31.16,11.3075,,,
81.99333333,30.23583333,11.285,,,
81.2225,30.34916667,11.13583333,,,
80.91583333,30.26166667,11.14833333,,,
81.21916667,30.11166667,11.20916667,,,
82.24,29.71916667,11.40416667,,,
82.98833333,29.40333333,11.57666667,,,
83.1475,28.98083333,11.61416667,,,
82.99583333,28.805,11.635,,,
83.8325,28.76916667,11.7475,,,
83.3275,28.86166667,11.67666667,,,
83.71833333,29.62166667,11.65583333,,,
84.8725,29.86083333,11.8125,,,
83.49333333,28.78666667,11.71916667,,,
83.56583333,29.60916667,11.66666667,,,
84.50416667,30.1,11.74166667,,,
83.505,29.90583333,11.6275,,,
84.32916667,30.40416667,11.65666667,,,
82.895,29.14833333,11.58,,,
83.61083333,29.57083333,11.64416667,,,
83.7525,29.2625,11.71916667,,,
82.80833333,29.58666667,11.57666667,,,
84.27583333,30.535,11.67416667,,,
84.29583333,30.4025,11.62583333,,,
83.395,29.96833333,11.5425,,,
83.4325,29.82083333,11.56333333,,,
83.14916667,29.14666667,11.53416667,,,
82.97583333,28.77583333,11.58333333,,,
83.83666667,28.9275,11.68,,,
83.315,28.05,11.62916667,,,
83.95916667,28.32583333,11.6825,,,
82.79416667,27.61333333,11.55583333,,,
82.76083333,27.71416667,11.56833333,,,
83.11,27.60166667,11.575,,,
83.17,27.86916667,11.56083333,,,
83.53083333,28.00916667,11.56583333,,,
83.70916667,28.9175,11.47916667,,,
83.67833333,28.64916667,11.45,,,
83.48583333,29.355,11.365,,,
84.20166667,29.81333333,11.41,,,
82.76916667,29.35,11.17916667,,,
82.54666667,29.83,11.08333333,,,
82.83083333,30.285,11.08083333,,,
83.90833333,30.42166667,11.22416667,,,
83.74833333,30.12833333,11.2,,,
84.28916667,30.06166667,11.2775,,,
82.8,28.91166667,11.07,,,
84.1525,29.68166667,11.25666667,,,
83.5675,28.9875,11.19416667,,,
83.77583333,30.0125,11.19,,,
84.68083333,30.05333333,11.32833333,,,
84.24666667,30.27916667,11.2925,,,
83.83916667,30.3075,11.23916667,,,
84.33833333,30.53583333,11.30916667,,,
85.1275,30.54,11.435,,,
83.76583333,30.43,11.29916667,,,
83.85666667,30.25916667,11.31666667,,,
84.14916667,29.51166667,11.46416667,,,
84.32833333,29.17333333,11.53833333,,,
84.62666667,30.10083333,11.56416667,,,
83.80083333,29.81916667,11.45083333,,,
84.83916667,30.83916667,11.52666667,,,
86.34,31.685,11.7275,,,
84.60833333,30.98166667,11.46416667,,,
84.65166667,31.8025,11.36166667,,,
86.82416667,33.43583333,11.56333333,,,
85.07833333,32.64416667,11.33666667,,,
85.4525,33.53083333,11.28166667,,,
84.90333333,33.70666667,11.16416667,,,
85.29333333,33.49416667,11.23333333,,,
84.505,33.3375,11.05833333,,,
96.41416667,32.94166667,11.175,,,
95.90833333,32.47833333,11.11833333,,,
93.53166667,32.71083333,11.03833333,,,
93.09166667,31.90916667,11.07833333,,,
83.33916667,32.4875,11.06,,,
82.49,32.14666667,10.9675,,,
82.56909091,32.09363636,11.09727273,,,
83.0775,31.87583333,11.22166667,,,
83.99833333,31.7525,11.45583333,,,
84.26583333,31.75166667,11.57,,,
86.18416667,31.72666667,11.86666667,,,
85.63166667,30.52333333,11.94083333,,,
85.0725,30.19916667,11.89416667,,,
86.41333333,31.08416667,12.04333333,,,
85.2125,30.25333333,11.97666667,,,
86.42166667,30.96833333,12.07666667,,,
85.93166667,30.8375,12.07166667,,,
86.0625,31.41,11.97833333,,,
86.40166667,31.54166667,12.01,,,
85.545,30.62,11.98666667,,,
85.42166667,30.76833333,11.97666667,,,
86.045,31.34,12.02833333,,,
86.0975,31.66416667,12.00083333,,,
86.715,32,12.07666667,,,
86.49416667,31.88666667,12.02916667,,,
86.6375,32.37916667,12.01333333,,,
86.36416667,32.41,11.95,,,
85.655,31.91083333,11.86166667,,,
85.54666667,31.835,11.80583333,,,
86.53,32.63,11.88083333,,,
85.895,31.9975,11.7925,,,
85.12833333,31.76833333,11.72166667,,,
80.915,26.65916667,11.67,,,
79.405,24.035,11.73583333,,,
79.37083333,24.09083333,11.74333333,,,
79.58333333,24.28083333,11.76,,,
79.9775,24.435,11.78666667,,,
79.8025,24.36083333,11.75083333,,,
79.87416667,25.445,11.6975,,,
80.37333333,26.85916667,11.6075,,,
81.8075,28.39666667,11.58416667,,,
80.84333333,28.4925,11.38583333,,,
80.75916667,29.45166667,11.18333333,,,
80.89916667,30.7625,11.07166667,,,
81.97666667,32.015,11.06916667,,,
81.845,33.05,11.00083333,,,
84.11,37.06,10.88583333,,,
83.58166667,37.215,10.71583333,,,
81.99416667,36.0025,10.66416667,,,
82.06583333,35.52916667,10.7225,,,
80.31416667,32.22666667,10.87083333,,,
78.62833333,29.365,10.91,,,
79.895,30.69083333,10.95666667,,,
79.37166667,29.68416667,10.97333333,,,
81.13416667,31.12333333,11.12083333,,,
79.62166667,29.50666667,11.02083333,,,
78.79833333,29.07416667,10.90916667,,,
78.66333333,28.955,10.86333333,,,
78.18333333,28.38166667,10.8725,,,
78.64083333,28.3625,10.93,,,
77.25416667,27.27416667,10.7975,,,
77.53916667,27.74416667,10.82083333,,,
77.46833333,27.10916667,10.88916667,,,
77.49333333,27.02333333,10.925,,,
77.44333333,26.865,10.93333333,,,
77.5375,27.74333333,10.89333333,,,
77.895,28.38583333,10.905,,,
78.06583333,28.54333333,10.90083333,,,
78.585,28.935,10.95,,,
79.3375,28.5925,11.0575,,,
78.525,28.91083333,10.89833333,,,
79.005,29.565,10.93083333,,,
79.16,29.7425,10.91083333,,,
79.38416667,29.8325,10.915,,,
80.01583333,29.92833333,11.00416667,,,
78.8075,29.13666667,10.88416667,,,
78.24083333,29.81333333,10.72666667,,,
78.99416667,29.7725,10.82083333,,,
77.63833333,29.2225,10.67333333,,,
78.86454545,29.23,10.8,,,
76.93583333,27.5325,10.71166667,,,
76.86416667,27.64916667,10.62583333,,,
77.43083333,27.60666667,10.745,,,
77.8,27.09833333,10.8675,,,
77.0225,26.13916667,10.82416667,,,
77.53083333,25.99916667,10.91333333,,,
77.485,26.33,10.92083333,,,
77.60916667,26.27833333,10.93333333,,,
77.67333333,27.1325,10.89833333,,,
78.555,27.14416667,11.0525,,,
78.00166667,27.47333333,10.93583333,,,
78.31083333,27.02916667,11.0325,,,
78.26666667,27.6725,11,,,
78.78666667,27.63333333,11.12166667,,,
78.31333333,27.30166667,11.04083333,,,
78.33083333,27.29583333,11.07583333,,,
78.41916667,27.5325,11.07166667,,,
78.47333333,27.82916667,11.115,,,
78.50416667,28.455,11.04583333,,,
79.22583333,29.26833333,11.08333333,,,
78.84833333,29.21083333,11.0225,,,
78.48416667,29.23666667,10.96833333,,,
77.48833333,28.59,10.90833333,,,
79.44,29.31916667,11.10583333,,,
78.00166667,28.40166667,11.04166667,,,
78.53,28.63833333,11.0775,,,
78.53083333,28.57166667,11.07083333,,,
78.26583333,28.27833333,11.06416667,,,
78.65666667,28.2625,11.14166667,,,
78.53,27.875,11.14416667,,,
78.67083333,27.69416667,11.17666667,,,
78.92,27.20333333,11.24083333,,,
79.32833333,26.81583333,11.39666667,,,
79.895,26.67083333,11.53083333,,,
80.25333333,26.16416667,11.6875,,,
80.29166667,25.78666667,11.76,,,
80.705,26.7575,11.78,,,
80.4675,26.48833333,11.78666667,,,
80.5675,26.3675,11.82833333,,,
80.19666667,25.59833333,11.84,,,
80.54916667,26.68833333,11.82083333,,,
79.855,25.65333333,11.80416667,,,
80.14166667,25.57333333,11.78416667,,,
80.46916667,27.07416667,11.68833333,,,
80.5775,27.46916667,11.6275,,,
80.25416667,27.91833333,11.52333333,,,
79.88166667,27.32916667,11.42833333,,,
79.71666667,27.51416667,11.35666667,,,
79.51833333,27.48416667,11.24416667,,,
79.13916667,27.0275,11.18,,,
79.62083333,26.98166667,11.22333333,,,
78.45,26.48166667,11.09666667,,,
78.9175,26.61,11.09166667,,,
78.09666667,26.23583333,10.98833333,,,
78.6325,27.13916667,10.96333333,,,
78.9625,27.4975,10.90333333,,,
78.28916667,28.07666667,10.69833333,,,
78.34666667,27.82,10.68583333,,,
79.76416667,28.845,10.82166667,,,
79.61833333,29.575,10.79,,,
78.43666667,28.13416667,10.7425,,,
79.50333333,27.71416667,10.975,,,
78.79,26.57833333,11.04916667,,,
78.52833333,27.1325,11.06416667,,,
81.5075,29.37,11.38,,,
81.60916667,29.32916667,11.4675,,,
82.7925,30.725,11.52416667,,,
83.27583333,30.9825,11.60166667,,,
81.92166667,29.76666667,11.46166667,,,
80.8575,28.98333333,11.40583333,,,
81.6725,29.74666667,11.42583333,,,
81.39166667,30.105,11.40166667,,,
82.07083333,30.965,11.3675,,,
81.84916667,31.37166667,11.2975,,,
82.94666667,32.26833333,11.355,,,
81.91166667,31.4625,11.24916667,,,
81.77916667,31.59333333,11.18416667,,,
82.02583333,31.61,11.22333333,,,
80.88333333,30.86333333,11.10583333,,,
81.23083333,30.9975,11.14916667,,,
82.03583333,30.73833333,11.3,,,
81.015,30.76916667,11.17416667,,,
81.22916667,30.66166667,11.2275,,,
81.465,30.985,11.27083333,,,
80.975,30.14333333,11.26833333,,,
81.2075,30.42833333,11.28,,,
81.28166667,30.64166667,11.2975,,,
81.78181818,30.73363636,11.31909091,,,
81.61583333,30.59833333,11.32583333,,,
81.73333333,30.555,11.35333333,,,
81.77916667,30.635,11.33916667,,,
81.37833333,29.9425,11.36416667,,,
81.30416667,29.81333333,11.37166667,,,
80.80166667,29.71333333,11.37916667,,,
81.655,30.83416667,11.36833333,,,
81.78,31.31,11.34666667,,,
81.83166667,31.57333333,11.34416667,,,
81.46916667,31.77583333,11.27416667,,,
82.53416667,32.7525,11.26166667,,,
82.78083333,33.20416667,11.25583333,,,
82.585,33.77583333,11.1425,,,
82.75916667,34.36416667,11.07333333,,,
82.48416667,34.4875,11.00833333,,,
82.54833333,35.10333333,10.935,,,
82.385,34.925,10.91083333,,,
82.5125,34.5175,10.95166667,,,
82.10416667,34.42916667,10.9625,,,
82.41916667,34.68166667,11.03166667,,,
82.33916667,33.89666667,11.0425,,,
83.13083333,34.62583333,11.06166667,,,
83.24083333,34.83083333,11.0875,,,
92.58666667,35.51333333,11.13166667,,,
94.09666667,34.33166667,11.03,,,
90.67166667,34.02916667,10.95,,,
86.42166667,33.84083333,10.92833333,,,
82.19416667,33.33666667,10.87666667,,,
82.85916667,34.98666667,10.9925,,,
82.34416667,34.07166667,10.98583333,,,
82.71666667,33.91583333,11.09583333,,,
82.72583333,33.79666667,11.09166667,,,
83.12583333,33.9975,11.12416667,,,
82.735,33.72916667,11.0725,,,
82.83166667,33.90833333,11.07833333,,,
82.7,33.7275,11.08083333,,,
82.95,34.16416667,11.08833333,,,
83.30166667,34.09833333,11.11916667,,,
83.35833333,34.26833333,11.10416667,,,
83.45083333,34.25666667,11.135,,,
83.45916667,34.4025,11.12666667,,,
83.56833333,34.54083333,11.11166667,,,
83.6425,34.9775,11.11,,,
83.98916667,34.855,11.1425,,,
84.77916667,35.46416667,11.20666667,,,
85.22333333,35.71083333,11.24833333,,,
83.76916667,34.99333333,11.08333333,,,
90.24916667,36.24416667,11.08166667,,,
84.5825,35.73083333,11.00666667,,,
86.07416667,35.2325,10.9575,,,
82.8675,34.76,10.93583333,,,
82.76333333,34.6,10.97416667,,,
82.85166667,34.33,11.0225,,,
82.65833333,33.89083333,11.09083333,,,
83.09083333,33.79416667,11.18416667,,,
83.51916667,33.87666667,11.27333333,,,
83.62583333,34.02166667,11.2625,,,
83.825,34.3475,11.22833333,,,
84.48,33.86333333,11.35166667,,,
83.13083333,32.94916667,11.22166667,,,
82.92,32.1675,11.28583333,,,
82.68,31.2975,11.3475,,,
82.72416667,31.54833333,11.3725,,,
82.75833333,31.53916667,11.37666667,,,
83.02583333,31.98,11.39166667,,,
82.64,31.6075,11.38916667,,,
83.0225,32.02333333,11.40083333,,,
83.3425,32.58166667,11.43166667,,,
84.07416667,33.045,11.46583333,,,
82.8375,32.37166667,11.26833333,,,
82.57,32.95583333,11.16166667,,,
82.6225,33.00083333,11.11,,,
82.71166667,32.9825,11.11333333,,,
82.45416667,32.77333333,11.09,,,
82.21916667,32.42,11.04083333,,,
81.8525,32.0275,11.09166667,,,
82.01666667,32.14,11.12416667,,,
82.30833333,31.7475,11.21416667,,,
82.66916667,31.94,11.26583333,,,
82.74416667,31.51333333,11.31166667,,,
82.39,30.94083333,11.32083333,,,
82.59916667,31.50416667,11.33583333,,,
82.67083333,31.52083333,11.36083333,,,
82.42,31.26166667,11.36333333,,,
82.4825,31.11,11.40333333,,,
82.33166667,30.66416667,11.38416667,,,
81.47083333,29.7675,11.39166667,,,
81.6725,29.3825,11.4275,,,
81.8725,29.24416667,11.54333333,,,
81.66,28.2525,11.59916667,,,
81.165,27.69166667,11.5925,,,
81.6025,28.08416667,11.68583333,,,
82.07666667,28.45083333,11.7725,,,
82.66833333,28.415,11.8675,,,
83.20666667,28.84416667,11.94916667,,,
83.34083333,28.0475,12.02416667,,,
83.425,28.21666667,12.06583333,,,
82.86,26.88416667,12.00416667,,,
82.84166667,27.45333333,11.98833333,,,
82.75083333,27.64333333,11.93833333,,,
82.28583333,27.145,11.84416667,,,
83.855,29.52916667,11.78,,,
84.66333333,30.58666667,11.71166667,,,
84.10333333,30.91083333,11.52333333,,,
84.22416667,30.83,11.48083333,,,
83.17416667,30.24333333,11.35,,,
83.35083333,30.60166667,11.29916667,,,
83.445,30.08,11.35333333,,,
82.42333333,29.49583333,11.26583333,,,
83.43666667,29.355,11.43,,,
81.5825,28.215,11.36916667,,,
83.05583333,28.66416667,11.54,,,
82.35333333,28.07166667,11.50083333,,,
84.95,29.8625,11.76083333,,,
86.00416667,31.11583333,11.87666667,,,
87.11833333,31.25166667,11.98666667,,,
85.5375,29.86333333,11.88583333,,,
86.55416667,31.40166667,11.89583333,,,
85.87083333,31.3275,11.78583333,,,
86.43083333,32.62833333,11.73083333,,,
86.7675,33.21916667,11.66416667,,,
86.56416667,33.96083333,11.55666667,,,
86.78833333,34.08583333,11.4975,,,
89.8375,34.18333333,11.28583333,,,
97.54416667,34.05416667,11.155,,,
98.09916667,34.36,11.1125,,,
98.22416667,33.505,11.05166667,,,
98.23416667,35.03583333,11.08,,,
96.21,36.89583333,11.38583333,,,
83.72833333,34.40333333,10.88416667,,,
83.81,33.92083333,10.8475,,,
82.1375,33.5925,10.82666667,,,
83.01666667,33.03083333,11.03833333,,,
82.815,32.92666667,11.09833333,,,
82.25333333,32.59,11.06,,,
83.34416667,32.8825,11.24916667,,,
85.35666667,35.83916667,11.36833333,,,
87.70666667,37.35583333,11.59166667,,,
86.7775,37.34083333,11.505,,,
87.425,37.33833333,11.6275,,,
85.90416667,36.80083333,11.45666667,,,
87.085,37.6075,11.51916667,,,
85.32833333,36.63833333,11.3675,,,
85.2225,37.41666667,11.23416667,,,
84.22333333,36.90333333,11.11833333,,,
80.9625,33.96583333,10.90666667,,,
82.0475,35.2775,10.89333333,,,
80.01416667,34.13583333,10.78666667,,,
80.64916667,34.99083333,10.77416667,,,
80.45,35.0075,10.74583333,,,
80.1375,34.385,10.80666667,,,
79.13083333,33.56,10.69333333,,,
78.26166667,32.915,10.54833333,,,
77.77333333,32.40166667,10.36916667,,,
77.35583333,32.41,10.18333333,,,