BackPresTurbineOP.steam_flow_in,BackPresTurbineOP.steam_pressure_in,BackPresTurbineOP.steam_temperature_in,BackPresTurbineOP.steam_pressure_out,BackPresTurbineOP.steam_temperature_out,BackPresTurbineOP.electricity_generation
28.9975,3.424166667,442.07,0.76,338.9775,1.095
28.943,3.418,441.391,0.761,339.136,1.085
29.00272727,3.422727273,440.7481818,0.77,339.21,1.086363636
29.497,3.375,439.945,0.77,339.115,1.126
29.93636364,3.34,438.9263636,0.77,338.5318182,1.154545455
30.171,3.331,437.714,0.77,337.71,1.163
30.27363636,3.336363636,436.3118182,0.77,336.7854545,1.172727273
30.17272727,3.32,435.2836364,0.77,335.9672727,1.161818182
30.18454545,3.300909091,434.2545455,0.77,335.3036364,1.15
30.22454545,3.287272727,433.5709091,0.77,334.7927273,1.148181818
30.291,3.279,432.783,0.77,334.207,1.149
30.373,3.279,431.91,0.77,333.598,1.156
30.39909091,3.275454545,431.3627273,0.77,332.9290909,1.151818182
30.441,3.267,431.05,0.776,332.569,1.143
30.52636364,3.278181818,431.2745455,0.78,332.4009091,1.150909091
30.10545455,3.297272727,432.0009091,0.78,332.2618182,1.110909091
28.92,3.3,433.101,0.777,332.844,1.014
28.17636364,3.331818182,434.1309091,0.77,333.8509091,0.963636364
27.23416667,3.35,435.6141667,0.761666667,335.405,0.910833333
26.80181818,3.387272727,437.0254545,0.76,336.8409091,0.889090909
26.46363636,3.391818182,438.5745455,0.749090909,338.0409091,0.876363636
27.82,3.375454545,440.2063636,0.74,338.9709091,1.011818182
29.64416667,3.359166667,441.44,0.728333333,338.2591667,1.191666667
31.685,3.373,442.474,0.707,336.444,1.42
37.27454545,3.341818182,442.9290909,0.701818182,332.5909091,1.880909091
40.95,3.306,443.28,0.702,328.197,2.102
42.67727273,3.364545455,443.1290909,0.71,324.8554545,2.246363636
44.16833333,3.329166667,442.9866667,0.7125,322.8358333,2.305833333
45.49416667,3.295833333,442.8783333,0.723333333,321.9458333,2.340833333
46.33181818,3.257272727,442.6018182,0.734545455,321.7372727,2.345454545
45.402,3.245,441.73,0.74,321.948,2.257
45.49666667,3.214166667,440.9533333,0.74,322.3466667,2.235833333
46.07090909,3.202727273,440.3763636,0.745454545,322.6863636,2.248181818
45.975,3.213,440.101,0.75,323.011,2.237
43.01545455,3.281818182,439.96,0.742727273,323.2754545,2.103636364
40.135,3.345,440.3483333,0.734166667,323.275,1.996666667
38.51818182,3.375454545,440.7490909,0.727272727,323.1090909,1.926363636
38.015,3.368,441.113,0.72,322.904,1.895
38.756,3.368,441.35,0.72,322.64,1.949
39.14727273,3.358181818,441.2227273,0.72,322.2681818,1.974545455
39.17333333,3.329166667,440.5483333,0.72,321.7683333,1.961666667
39.584,3.29,439.757,0.72,321.569,1.958
40.02181818,3.265454545,438.8709091,0.72,321.2590909,1.969090909
40.52909091,3.269090909,437.9781818,0.72,321.0018182,1.997272727
40.72181818,3.274545455,437.3327273,0.72,320.4645455,2.014545455
40.88909091,3.286363636,436.8972727,0.72,319.9936364,2.029090909
40.937,3.297,436.62,0.717,319.409,2.047
40.38916667,3.3175,436.5533333,0.706666667,318.7866667,2.043333333
39.77454545,3.341818182,436.9063636,0.698181818,318.0390909,2.036363636
38.69,3.373333333,437.5755556,0.684444444,317.3844444,2.008888889
38.90818182,3.39,438.4572727,0.68,316.7563636,2.058181818
40.51727273,3.374545455,439.4572727,0.68,316.0690909,2.16
42.776,3.361,440.46,0.689,315.703,2.281
44.24416667,3.3375,441.455,0.69,315.7166667,2.3525
44.5325,3.343333333,442.1675,0.69,316.0391667,2.376666667
44.631,3.339,442.54,0.69,316.473,2.381
44.66727273,3.335454545,442.5927273,0.69,316.6381818,2.391818182
45.31272727,3.321818182,442.2090909,0.69,316.7254545,2.425454545
45.03,3.325,441.72,0.683,316.631,2.419
46.347,3.323,441.055,0.686,316.327,2.517
49.72,3.280909091,440.44,0.702727273,315.7718182,2.730909091
52.16363636,3.219090909,439.7290909,0.717272727,314.7790909,2.862727273
52.08454545,3.218181818,438.96,0.721818182,314.1209091,2.838181818
52.22833333,3.198333333,438.1266667,0.73,313.8641667,2.82
52.87416667,3.205,437.6766667,0.731666667,313.6425,2.8725
52.85181818,3.248181818,437.4927273,0.74,313.2890909,2.896363636
53.10727273,3.212727273,437.7790909,0.733636364,313.1381818,2.896363636
52.90111111,3.238888889,438.1155556,0.73,313.0744444,2.894444444
52.77666667,3.2075,438.6983333,0.73,313.395,2.866666667
52.57636364,3.247272727,438.8781818,0.73,313.6,2.874545455
51.97818182,3.271818182,438.9045455,0.737272727,313.7327273,2.834545455
52.01,3.267272727,438.9227273,0.74,314.0081818,2.812727273
53.14363636,3.217272727,438.7463636,0.755454545,314.3663636,2.854545455
52.77727273,3.205454545,438.0963636,0.76,314.6881818,2.774545455
50.44583333,3.2175,437.07,0.76,315.4616667,2.560833333
48.38727273,3.242727273,436.3409091,0.756363636,316.6054545,2.414545455
47.78909091,3.26,436.1163636,0.753636364,317.4554545,2.388181818
48.154,3.267,436.16,0.76,317.957,2.406
47.57909091,3.281818182,436.2872727,0.751818182,318.3045455,2.388181818
48.22166667,3.280833333,436.645,0.75,318.4808333,2.435833333
47.74666667,3.295,437.1616667,0.744166667,318.5066667,2.425833333
47.67666667,3.303333333,437.86,0.74,318.4741667,2.44
47.08454545,3.313636364,438.6118182,0.73,318.4018182,2.423636364
46.505,3.33,439.2333333,0.719166667,318.3166667,2.4125
46.55,3.3275,440.0825,0.71,318.21,2.449166667
48.85636364,3.298181818,440.74,0.71,317.7681818,2.615454545
48.72181818,3.302727273,440.8218182,0.71,317.2281818,2.618181818
49.22833333,3.283333333,440.54,0.7125,316.8983333,2.6525
50.81636364,3.274545455,440.2945455,0.72,316.3818182,2.761818182
51.06333333,3.264166667,439.935,0.724166667,315.9233333,2.76
51.3125,3.259166667,439.675,0.73,315.7375,2.7675
51.70583333,3.254166667,439.475,0.739166667,315.6466667,2.775
51.66909091,3.252727273,439.3954545,0.741818182,315.8463636,2.760909091
51.85909091,3.255454545,439.45,0.75,316.1118182,2.76
52.06181818,3.25,439.55,0.754545455,316.5009091,2.766363636
52.33833333,3.25,439.895,0.76,316.795,2.775
52.5775,3.235,440.14,0.764166667,317.185,2.775833333
52.47090909,3.233636364,440.5309091,0.77,317.6009091,2.748181818
50.92545455,3.244545455,440.8672727,0.77,318.3636364,2.611818182
50.381,3.244,440.93,0.77,319.591,2.548
48.11666667,3.263333333,440.9233333,0.77,320.7625,2.374166667
47.00818182,3.288181818,440.9218182,0.77,322.0690909,2.307272727
47.38727273,3.294545455,440.9218182,0.77,322.8954545,2.333636364
47.0775,3.310833333,440.8066667,0.779166667,323.3708333,2.310833333
46.802,3.325,440.37,0.781,323.617,2.287
46.52,3.3375,439.9275,0.79,323.9225,2.259166667
47.529,3.329,439.728,0.798,324.212,2.305
48.00090909,3.324545455,439.7045455,0.8,324.4609091,2.318181818
46.34454545,3.341818182,439.7409091,0.794545455,324.62,2.234545455
45.55363636,3.357272727,439.7763636,0.79,324.7645455,2.204545455
45.605,3.364,440.151,0.79,324.831,2.214
45.07583333,3.368333333,440.5983333,0.79,324.9025,2.190833333
45.45818182,3.366363636,441.1681818,0.79,324.9954545,2.209090909
44.8575,3.378333333,441.68,0.79,325.2141667,2.184166667
44.83727273,3.389090909,442.1727273,0.79,325.5354545,2.190909091
44.19545455,3.405454545,442.4027273,0.78,325.5918182,2.170909091
44.02666667,3.419166667,442.4783333,0.78,325.6066667,2.17
43.87545455,3.427272727,442.1827273,0.78,325.4936364,2.169090909
43.99727273,3.418181818,441.8754545,0.78,325.2381818,2.179090909
44.07,3.415454545,441.6027273,0.78,325.0718182,2.18
43.46916667,3.395833333,441.4133333,0.779166667,324.8758333,2.1375
43.35,3.379090909,441.3390909,0.770909091,324.8481818,2.119090909
43.543,3.363,441.43,0.773,324.986,2.119
44.067,3.338,441.75,0.78,325.206,2.127
44.71545455,3.315454545,441.7936364,0.78,325.5936364,2.148181818
45.71454545,3.283636364,441.7754545,0.78,325.9663636,2.172727273
45.50333333,3.298888889,441.6188889,0.78,326.2433333,2.181111111
45.24583333,3.3,441.355,0.78,326.3466667,2.164166667
45.22583333,3.298333333,441.1008333,0.78,326.3666667,2.166666667
45.95090909,3.283636364,440.74,0.772727273,326.2427273,2.208181818
45.91454545,3.286363636,440.2218182,0.77,325.9445455,2.214545455
45.41583333,3.2775,439.6083333,0.765833333,325.5691667,2.185
44.83666667,3.284166667,438.8291667,0.76,325.1125,2.160833333
44.7275,3.275833333,438.2183333,0.76,324.6,2.155833333
45.59727273,3.261818182,437.8145455,0.758181818,324.1336364,2.200909091
45.70454545,3.251818182,437.4918182,0.75,323.6081818,2.208181818
45.02181818,3.251818182,437.3790909,0.745454545,323.1309091,2.180909091
45.28083333,3.241666667,437.4775,0.743333333,322.8433333,2.1875
45.78,3.239166667,437.4766667,0.74,322.5983333,2.225833333
45.05545455,3.253636364,437.7054545,0.733636364,322.2218182,2.208181818
44.29,3.26,437.8509091,0.73,321.8190909,2.18
44.61636364,3.326363636,438.1236364,0.727272727,321.48,2.246363636
44.02,3.320909091,438.4327273,0.721818182,320.8045455,2.216363636
44.36166667,3.33,438.73,0.73,320.595,2.235
45.44727273,3.338181818,438.8772727,0.735454545,320.4063636,2.302727273
47.53,3.33,438.8841667,0.745,320.1525,2.421666667
48.31083333,3.33,438.5833333,0.754166667,319.795,2.4625
49.15,3.325,438.03,0.766,319.711,2.496
49.04727273,3.324545455,437.2863636,0.77,319.4863636,2.477272727
49.12083333,3.354166667,436.8533333,0.770833333,319.4641667,2.4875
48.907,3.327,436.81,0.77,319.414,2.458
49.58333333,3.304444444,437.18,0.772222222,319.5477778,2.494444444
50.51,3.267272727,437.7790909,0.78,319.6209091,2.535454545
50.406,3.253,438.33,0.78,320.002,2.523
50.64272727,3.243636364,438.9145455,0.78,320.4927273,2.529090909
49.80090909,3.297272727,439.4681818,0.78,320.8754545,2.502727273
49.745,3.268333333,439.9775,0.779166667,321.3358333,2.480833333
50.52363636,3.249090909,440.44,0.78,321.8118182,2.514545455
50.21666667,3.2775,440.5066667,0.79,322.2333333,2.5025
50.504,3.282,440.24,0.79,322.528,2.508
47.23583333,3.3375,439.7058333,0.784166667,322.7733333,2.306666667
45.701,3.351,439.5,0.782,323.375,2.206
44.891,3.366,439.41,0.784,323.846,2.169
44.81,3.363,439.43,0.788,324.029,2.163
44.74083333,3.364166667,439.3416667,0.79,324.2991667,2.1475
44.47916667,3.358333333,439.3916667,0.796666667,324.6008333,2.115
42.96727273,3.356363636,439.7945455,0.795454545,325.0845455,2.023636364
42.03272727,3.362727273,440.4127273,0.796363636,325.7645455,1.975454545
41.20090909,3.39,441.2054545,0.8,326.3763636,1.946363636
40.334,3.422,442.255,0.8,326.909,1.915
39.97090909,3.450909091,443.7145455,0.799090909,327.4554545,1.914545455
38.92636364,3.465454545,445.2845455,0.79,327.9627273,1.871818182
38.1425,3.471666667,446.4575,0.788333333,328.5016667,1.829166667
38.27909091,3.431818182,447.1354545,0.781818182,329.1427273,1.828181818
40.19727273,3.384545455,447.17,0.79,329.53,1.92
40.73583333,3.411666667,446.6566667,0.79,329.65,1.963333333
40.66090909,3.398181818,445.7154545,0.79,329.4463636,1.958181818
41.20166667,3.358333333,444.7891667,0.7875,329.3325,1.965833333
41.544,3.353,443.704,0.78,328.945,1.999
43.33727273,3.349090909,442.5754545,0.78,328.3445455,2.090909091
43.60333333,3.353333333,441.83,0.78,327.6283333,2.108333333
44.19583333,3.359166667,441.4383333,0.789166667,327.1658333,2.136666667
44.231,3.361,441.39,0.79,326.894,2.129
44.28272727,3.357272727,441.53,0.793636364,326.8209091,2.120909091
45.01555556,3.328888889,441.8188889,0.8,327.0833333,2.137777778
45.415,3.334166667,442.2533333,0.801666667,327.38,2.16
46.378,3.288,442.46,0.803,327.989,2.185
46.158,3.287,442.431,0.8,328.221,2.189
46.51,3.264444444,442.4755556,0.795555556,328.3866667,2.198888889
46.889,3.252,442.48,0.794,328.539,2.215
47.21818182,3.241818182,442.44,0.799090909,328.61,2.227272727
47.11181818,3.248181818,442.13,0.797272727,328.6390909,2.226363636
47.1,3.251,441.76,0.796,328.587,2.227
46.64636364,3.269090909,441.4663636,0.79,328.3645455,2.213636364
46.22545455,3.268181818,441.2663636,0.79,328.1990909,2.196363636
46.092,3.288,441.26,0.79,327.95,2.207
46.17,3.262727273,441.1581818,0.79,327.7481818,2.196363636
46.59636364,3.251818182,441.2390909,0.79,327.7045455,2.211818182
46.91636364,3.256363636,441.0963636,0.792727273,327.7045455,2.221818182
47.118,3.245,441.17,0.8,327.724,2.215
46.75666667,3.276666667,441.1422222,0.801111111,327.8811111,2.21
47.169,3.247,441.076,0.81,328.103,2.205
47.55727273,3.250909091,441.0390909,0.81,328.3154545,2.233636364
47.135,3.271666667,440.8891667,0.806666667,328.3533333,2.224166667
46.656,3.254,440.83,0.8,328.302,2.195
46.583,3.275,441.133,0.8,328.272,2.209
46.30181818,3.262727273,441.33,0.8,328.2809091,2.178181818
46.23333333,3.278888889,441.4744444,0.8,328.3011111,2.185555556
46.30166667,3.258333333,441.4716667,0.8,328.4683333,2.1675
46.27181818,3.275454545,441.5754545,0.800909091,328.6745455,2.179090909
45.9,3.271,441.76,0.8,328.696,2.16
46.26454545,3.275454545,441.7390909,0.8,328.7345455,2.191818182
45.99272727,3.28,441.7663636,0.8,328.66,2.174545455
46.40727273,3.268181818,441.53,0.8,328.6245455,2.186363636
43.75909091,3.318181818,441.3127273,0.790909091,328.5109091,2.078181818
41.75545455,3.279090909,441.1236364,0.773636364,328.2563636,1.972727273
40.43083333,3.325833333,441.0925,0.749166667,327.8633333,1.970833333
38.53545455,3.383636364,441.1963636,0.716363636,326.73,1.949090909
38.90727273,3.411818182,441.7754545,0.692727273,325.17,2.049090909
41.59727273,3.388181818,442.5854545,0.686363636,322.9063636,2.244545455
44.23666667,3.340833333,443.2191667,0.69,321.285,2.3775
45.71833333,3.295833333,443.465,0.69,320.2283333,2.444166667
47.17666667,3.254166667,443.2275,0.69,319.6816667,2.506666667
48.12363636,3.23,442.82,0.692727273,319.3436364,2.571818182
50.881,3.238,442.266,0.704,318.547,2.797
51.34166667,3.275833333,441.955,0.71,317.375,2.86
52.34272727,3.307272727,441.8845455,0.720909091,316.4090909,2.949090909
53.509,3.293,442.159,0.737,315.829,3.014
53.65272727,3.303636364,442.3745455,0.755454545,315.6463636,2.985454545
53.79363636,3.289090909,442.42,0.77,316.1527273,2.94
51.924,3.339,442.009,0.775,317.045,2.77
51.8775,3.3175,441.4883333,0.789166667,318.3166667,2.716666667
50.461,3.325,441.162,0.79,319.455,2.582
49.8075,3.275,440.7816667,0.79,320.7641667,2.494166667
49.843,3.262,440.29,0.79,321.704,2.483
49.79454545,3.237272727,439.8090909,0.79,322.36,2.456363636
50.27636364,3.225454545,439.7590909,0.799090909,322.8872727,2.464545455
50.21272727,3.222727273,439.9172727,0.806363636,323.5109091,2.441818182
50.91833333,3.215,440.365,0.815,324.1758333,2.469166667
51.17111111,3.211111111,440.6177778,0.821111111,324.8088889,2.472222222
50.74090909,3.229090909,440.9036364,0.827272727,325.3836364,2.428181818
46.14916667,3.354166667,441.2733333,0.814166667,326.2766667,2.210833333
44.15333333,3.363333333,442.0033333,0.806666667,326.9316667,2.113333333
43.982,3.312,442.86,0.806,327.609,2.066
44.46636364,3.288181818,443.0381818,0.805454545,328.3509091,2.079090909
45.05666667,3.2625,442.4966667,0.8,328.73,2.0975
44.478,3.295,441.64,0.795,328.748,2.108
44.73,3.268,440.996,0.787,328.342,2.116
43.78454545,3.300909091,440.8581818,0.770909091,327.8036364,2.116363636
43.3,3.266363636,441.0081818,0.758181818,327.0745455,2.090909091
43.77545455,3.234545455,441.6481818,0.744545455,326.6045455,2.12
44.14727273,3.240909091,442.4590909,0.734545455,326.2154545,2.173636364
43.83363636,3.247272727,443.1536364,0.718181818,325.7727273,2.192727273
42.607,3.275,444.023,0.701,325.084,2.18
41.5975,3.289166667,444.8141667,0.684166667,324.27,2.168333333
42.06181818,3.313636364,445.7263636,0.68,323.4563636,2.241818182
45.79083333,3.289166667,446.5733333,0.681666667,322.4541667,2.483333333
50.41916667,3.23,446.8066667,0.695,321.3425,2.789166667
52.043,3.187,445.995,0.702,320.117,2.881
52.29416667,3.203333333,444.5566667,0.71,318.8816667,2.911666667
52.75636364,3.193636364,443.0745455,0.71,317.7890909,2.933636364
52.826,3.225,441.95,0.714,317.022,2.957
52.82363636,3.274545455,441.3481818,0.717272727,316.02,2.995454545
52.126,3.336,441.15,0.712,315.12,2.97
49.99,3.3925,438.435,0.79,318.35,2.58
49.8275,3.348333333,439.025,0.790833333,318.8566667,2.540833333
50.51,3.3225,439.87,0.799166667,319.8216667,2.565833333
50.6725,3.303333333,440.715,0.8025,320.7883333,2.5575
51.22916667,3.286666667,441.4466667,0.81,321.8116667,2.573333333
51.10416667,3.278333333,442.39,0.811666667,322.805,2.5475
52.0925,3.261666667,443.2758333,0.82,323.7691667,2.625
52.395,3.25,443.9608333,0.82,324.3916667,2.630833333
52.4,3.2425,444.2516667,0.825833333,325.0408333,2.615
52.18583333,3.25,444.3433333,0.83,325.7966667,2.5875
52.44666667,3.255833333,444.21,0.8375,326.4983333,2.595
52.64333333,3.260833333,443.7608333,0.843333333,326.8666667,2.601666667
53.2525,3.26,442.895,0.855833333,327.1291667,2.6275
53.4525,3.27,442.1425,0.865,327.1933333,2.6225
53.40583333,3.273333333,441.4716667,0.87,327.2241667,2.613333333
53.71416667,3.265833333,441.075,0.87,327.1908333,2.631666667
53.43166667,3.265833333,440.915,0.87,327.1966667,2.6
51.64416667,3.281666667,441.0766667,0.8625,327.5466667,2.465833333
49.44,3.304166667,441.4466667,0.8575,328.2975,2.309166667
46.59166667,3.335,442.0458333,0.85,329.4533333,2.139166667
44.80333333,3.365,442.7783333,0.846666667,330.4341667,2.065
43.49416667,3.393333333,443.6808333,0.835833333,331.0383333,2.036666667
42.63916667,3.410833333,444.6816667,0.8275,331.2533333,2.018333333
42.30333333,3.409166667,445.4083333,0.82,331.3066667,2.0075
42.6775,3.400833333,445.5333333,0.8275,331.36,2.021666667
43.01833333,3.403333333,445.2416667,0.825833333,331.3125,2.039166667
41.22083333,3.420833333,444.4425,0.82,331.0883333,1.964166667
40.79666667,3.365833333,443.4175,0.82,330.9475,1.905
40.745,3.349166667,442.4566667,0.81,330.7466667,1.895833333
40.96833333,3.414166667,441.48,0.81,330.3633333,1.953333333
41.14083333,3.423333333,440.9391667,0.800833333,329.39,1.983333333
42.13666667,3.436666667,440.8483333,0.8,328.3475,2.05
41.995,3.450833333,441.0775,0.800833333,327.5333333,2.056666667
42.82833333,3.403333333,441.3141667,0.81,327.0941667,2.0625
43.4675,3.400833333,441.5383333,0.815,327.1575,2.08
43.525,3.384166667,441.7383333,0.823333333,327.3991667,2.056666667
43.87,3.390833333,442.3983333,0.834166667,328.0666667,2.0575
41.49666667,3.426666667,443.0616667,0.84,328.8375,1.9425
39.5025,3.439166667,443.9441667,0.836666667,329.7508333,1.830833333
38.2325,3.4475,444.7,0.83,330.6308333,1.760833333
37.2725,3.475,444.9258333,0.83,331.2725,1.710833333
36.87666667,3.485833333,444.7483333,0.820833333,331.7358333,1.689166667
36.62666667,3.500833333,443.6566667,0.82,331.83,1.681666667
35.665,3.426666667,441.9525,0.8125,331.62,1.584166667
34.6075,3.406666667,439.5891667,0.803333333,331.6141667,1.5025
34.42583333,3.42,436.4,0.796666667,331.2358333,1.486666667
33.80333333,3.420833333,433.225,0.79,330.3641667,1.4375
35.4825,3.425,430.4491667,0.7975,328.9325,1.581666667
35.85166667,3.414166667,428.3833333,0.7925,326.6241667,1.608333333
36.2225,3.375833333,427.3,0.79,324.5458333,1.620833333
36.315,3.319166667,426.2991667,0.780833333,322.8808333,1.6125
36.39333333,3.275,425.1425,0.766666667,321.3925,1.610833333
36.41666667,3.2475,424.2083333,0.755,319.9375,1.62
36.3,3.225,423.53,0.735833333,318.4941667,1.629166667
36.45,3.238333333,423.4716667,0.718333333,317.045,1.678333333
36.35166667,3.326666667,424.5966667,0.71,315.435,1.735833333
36.78166667,3.35,427.0433333,0.71,314.1533333,1.79
38.41083333,3.371666667,429.97,0.715,313.3258333,1.9225
39.95333333,3.38,432.895,0.7225,312.8025,2.024166667
40.60083333,3.4,435.135,0.73,312.8283333,2.0675
40.98833333,3.413333333,436.755,0.735833333,313.25,2.1
40.94666667,3.434166667,438.0441667,0.74,313.9808333,2.101666667
41.03416667,3.450833333,439.1841667,0.748333333,314.8383333,2.103333333
42.13916667,3.445,440.2491667,0.76,315.7908333,2.155833333
44.16333333,3.381666667,441.2241667,0.771666667,316.945,2.214166667
45.59916667,3.3375,441.8216667,0.78,318.5383333,2.245
45.61083333,3.316666667,441.9633333,0.7875,320.2033333,2.211666667
44.30666667,3.321666667,441.955,0.79,321.6091667,2.134166667
43.185,3.329166667,442.0966667,0.79,322.805,2.0725
42.59166667,3.339166667,442.2425,0.7875,323.7125,2.045
41.56916667,3.325833333,442.4541667,0.78,324.2966667,2
41.74833333,3.310833333,442.6783333,0.7775,324.8183333,2.003333333
41.77416667,3.299166667,442.6533333,0.77,325.1258333,2.000833333
41.76333333,3.341666667,442.02,0.770833333,325.1833333,2.0275
41.75166667,3.329166667,441.2908333,0.77,324.9583333,2.021666667
41.355,3.371666667,440.6066667,0.77,324.5191667,2.025833333
40.61666667,3.4025,439.8375,0.761666667,323.8266667,2.015833333
40.00666667,3.426666667,439.2333333,0.753333333,322.9883333,2.010833333
39.43083333,3.443333333,438.825,0.744166667,322.01,1.995833333
39.25666667,3.43,438.59,0.74,321.1283333,1.985
39.48916667,3.391666667,438.4433333,0.74,320.5716667,1.984166667
40.02833333,3.340833333,438.06,0.74,320.2016667,1.985
40.19833333,3.31,437.5233333,0.74,319.9375,1.978333333
40.4475,3.278333333,436.845,0.735,319.7775,1.9775
41.34666667,3.2075,436.1125,0.73,319.6508333,1.975833333
42.01666667,3.220833333,435.3008333,0.7375,319.5766667,2.01
40.735,3.250833333,434.5316667,0.74,319.2841667,1.959166667
40.465,3.264166667,434.0266667,0.74,319.0216667,1.954166667
40.73,3.281666667,433.7,0.74,318.5375,1.979166667
40.6025,3.313333333,433.4833333,0.7325,317.9125,1.990833333
40.225,3.349166667,433.4916667,0.73,317.2108333,2.010833333
40.51416667,3.371666667,433.9133333,0.723333333,316.4541667,2.055
40.57083333,3.3975,434.8633333,0.715,315.7333333,2.095833333
39.95166667,3.420833333,435.83,0.705833333,315.0158333,2.091666667
39.75916667,3.44,436.8875,0.700833333,314.5408333,2.096666667
39.13666667,3.455833333,437.9283333,0.696666667,314.2033333,2.08
39.39916667,3.4525,439.1016667,0.7,314.1433333,2.099166667
41.165,3.428333333,440.135,0.7075,314.2941667,2.188333333
45.09083333,3.358333333,440.9291667,0.728333333,314.795,2.364166667
49.2325,3.275833333,441.2383333,0.751666667,315.7858333,2.548333333
50.29083333,3.2175,441.0758333,0.764166667,316.7966667,2.555
47.06166667,3.211666667,440.2416667,0.754166667,318.0241667,2.308333333
43.69666667,3.2525,439.2583333,0.74,319.41,2.140833333
43.01666667,3.285833333,438.7041667,0.738333333,319.9875,2.1275
42.16083333,3.310833333,438.3183333,0.73,319.9625,2.1025
41.19666667,3.368333333,438.1683333,0.73,319.5758333,2.095
42.24166667,3.3575,437.985,0.73,318.99,2.1425
42.92166667,3.363333333,437.7516667,0.74,318.495,2.1825
43.025,3.336666667,437.2275,0.74,318.1725,2.163333333
43.73833333,3.3125,436.5641667,0.745833333,318.0866667,2.171666667
44.38666667,3.306666667,435.8633333,0.754166667,318.1266667,2.188333333
44.23916667,3.320833333,435.3391667,0.759166667,318.2033333,2.1775
43.6275,3.338333333,435.25,0.76,318.185,2.1475
44.2375,3.300833333,435.2583333,0.765833333,318.3616667,2.146666667
44.89083333,3.289166667,435.455,0.771666667,318.7933333,2.165833333
45.67583333,3.263333333,435.7466667,0.781666667,319.3533333,2.175
46.46416667,3.256666667,436.1133333,0.791666667,320.1716667,2.204166667
47.05666667,3.25,436.2883333,0.805,321.0008333,2.205
42.33416667,3.316666667,436.425,0.794166667,321.6466667,1.985833333
39.31416667,3.3325,436.7116667,0.774166667,322.3075,1.855
37.265,3.34,437.07,0.75,322.5525,1.759166667
35.8775,3.38,437.2783333,0.724166667,322.3825,1.7175
38.05833333,3.371666667,437.4366667,0.71,321.6416667,1.921666667
40.72166667,3.334166667,437.42,0.708333333,319.7525,2.095
42.9475,3.310833333,437.1533333,0.7,317.96,2.225833333
44.145,3.2675,436.5558333,0.7,316.8408333,2.27
44.57583333,3.244166667,435.8716667,0.695,315.9883333,2.290833333
44.71583333,3.224166667,435.2,0.69,315.32,2.290833333
44.16583333,3.216666667,434.5975,0.685833333,314.725,2.26
43.91583333,3.214166667,434.0508333,0.68,314.2358333,2.260833333
45.5225,3.34,433.7058333,0.681666667,313.1925,2.4725
49.71083333,3.298333333,433.6825,0.701666667,311.5891667,2.730833333
53.1375,3.211666667,434.0025,0.725,310.2416667,2.925
54.99666667,3.19,434.1741667,0.7475,309.3966667,3.035
55.52,3.215,434.0208333,0.761666667,308.7475,3.060833333
54.12666667,3.253333333,434.0866667,0.77,309.015,2.928333333
53.05916667,3.269166667,434.9866667,0.77,310.045,2.835
52.49416667,3.309166667,436.4908333,0.77,311.3033333,2.815833333
51.51916667,3.34,438.0841667,0.76,312.5758333,2.764166667
51.1725,3.363333333,439.5391667,0.76,313.7708333,2.759166667
50.73416667,3.345833333,441.0508333,0.756666667,314.8641667,2.718333333
50.80666667,3.296666667,442.2508333,0.75,316.11,2.7075
50.83,3.3025,442.8283333,0.753333333,317.0616667,2.710833333
51.18916667,3.278333333,443.1616667,0.76,317.8833333,2.713333333
35.22,9.719166667,321.9883333,0.6925,214.3725,2.1175
51.5925,3.265,443.565,0.77,319.4925,2.7075
51.84416667,3.256666667,443.5741667,0.78,320.2733333,2.705
52.39333333,3.2375,443.2533333,0.7875,320.8516667,2.715833333
52.16333333,3.264166667,442.6866667,0.79,321.2433333,2.706666667
52.94833333,3.231666667,442.0541667,0.801666667,321.545,2.725833333
50.76833333,3.263333333,441.38,0.8,321.9033333,2.538333333
49.44083333,3.281666667,440.7733333,0.801666667,322.785,2.433333333
47.72833333,3.299166667,440.515,0.8,323.725,2.314166667
47.5075,3.326666667,440.565,0.801666667,324.5008333,2.305833333
47.12916667,3.354166667,441.1416667,0.81,325.0991667,2.296666667
46.93416667,3.3725,442.0108333,0.8025,325.5366667,2.305833333
45.98,3.405,443.085,0.793333333,325.8558333,2.2875
45.42,3.393333333,444.3841667,0.788333333,326.0325,2.263333333
46.02333333,3.368333333,445.3416667,0.785,326.3775,2.288333333
46.16333333,3.360833333,445.725,0.786666667,326.7225,2.293333333
46.18166667,3.363333333,445.865,0.789166667,327.1583333,2.295
46.2875,3.34,445.9866667,0.7875,327.4866667,2.286666667
46.43833333,3.34,445.6333333,0.79,327.7566667,2.294166667
46.35416667,3.33,444.8725,0.79,327.79,2.278333333
46.62,3.324166667,443.4908333,0.79,327.6925,2.2875
46.47,3.318333333,442.0191667,0.79,327.3808333,2.265
45.38083333,3.333333333,440.5883333,0.79,326.9508333,2.198333333
44.975,3.341666667,439.3083333,0.79,326.4616667,2.179166667
44.20916667,3.374166667,438.3008333,0.79,325.7933333,2.1425
43.7825,3.385833333,437.8516667,0.793333333,325.1116667,2.1225
44.43333333,3.391666667,437.7108333,0.8,324.6333333,2.150833333
44.36333333,3.404166667,438.035,0.8,324.4291667,2.150833333
43.965,3.4175,438.8208333,0.8,324.3508333,2.138333333
43.32416667,3.436666667,439.8783333,0.8,324.51,2.126666667
43.59833333,3.428333333,440.7625,0.8,324.6333333,2.138333333
43.4025,3.4375,441.5216667,0.8,324.8758333,2.134166667
43.51,3.435,441.9633333,0.8,325.1325,2.1375
43.12166667,3.4375,442.03,0.8,325.295,2.119166667
43.19583333,3.429166667,441.9883333,0.8,325.3816667,2.121666667
43.2375,3.429166667,441.63,0.8,325.3375,2.121666667
42.96,3.424166667,441.33,0.795,325.2816667,2.11
43.33666667,3.410833333,441.0283333,0.79,325.1583333,2.1225
43.30583333,3.403333333,440.6483333,0.790833333,325.0041667,2.115833333
43.91,3.383333333,440.365,0.8,324.8966667,2.128333333
44.55833333,3.375,440.24,0.8,324.9983333,2.1525
44.8575,3.376666667,440.0983333,0.8025,325.0866667,2.166666667
44.96833333,3.385,440.1566667,0.81,325.2091667,2.169166667
44.90333333,3.3975,440.5816667,0.81,325.4725,2.1675
45.12666667,3.405833333,441.1183333,0.819166667,325.78,2.180833333
45.14,3.418333333,441.8133333,0.82,326.2383333,2.175833333
44.16416667,3.436666667,442.4066667,0.82,326.6875,2.139166667
44.25416667,3.44,442.9033333,0.82,327.1208333,2.139166667
43.77666667,3.448333333,443.3366667,0.82,327.3683333,2.126666667
44.20083333,3.436666667,443.4116667,0.82,327.6208333,2.135833333
43.915,3.439166667,443.1616667,0.8225,327.75,2.118333333
43.60166667,3.431666667,442.4816667,0.83,327.89,2.0875
43.61333333,3.4225,441.8966667,0.833333333,328.0266667,2.068333333
44.73666667,3.391666667,441.3308333,0.845833333,328.2458333,2.085833333
43.70166667,3.399166667,440.94,0.85,328.7983333,2.0175
43.41083333,3.366666667,440.715,0.855,329.3708333,1.9725
43.93666667,3.338333333,440.5816667,0.863333333,330.0008333,1.965833333
44.08583333,3.3575,440.6316667,0.87,330.5808333,1.971666667
43.95166667,3.354166667,440.9225,0.87,331.0433333,1.955833333
43.42333333,3.3775,441.405,0.87,331.5641667,1.945833333
43.01166667,3.390833333,441.9883333,0.870833333,331.8691667,1.929166667
42.47916667,3.415833333,442.4641667,0.87,332.2316667,1.926666667
41.98416667,3.439166667,442.87,0.87,332.3616667,1.920833333
41.58583333,3.456666667,442.895,0.86,332.2383333,1.925833333
41.3925,3.450833333,442.8533333,0.856666667,331.8741667,1.923333333
40.45583333,3.435833333,442.8616667,0.85,331.7308333,1.861666667
38.94666667,3.478333333,442.4808333,0.844166667,331.66,1.799166667
38.39583333,3.4575,441.9383333,0.84,331.4833333,1.753333333
38.15166667,3.485833333,441.43,0.84,331.3483333,1.756666667
39.00416667,3.439166667,441.1025,0.84,331.0366667,1.786666667
39.465,3.443333333,440.8983333,0.841666667,330.76,1.813333333
38.9875,3.46,440.6233333,0.84,330.4016667,1.793333333
38.81333333,3.433333333,440.39,0.841666667,330.2033333,1.771666667
39.7475,3.381666667,440.2733333,0.85,330.1966667,1.7875
39.55916667,3.400833333,439.855,0.8475,330.1833333,1.786666667
39.69583333,3.365,439.35,0.84,329.9658333,1.784166667
40.29416667,3.331666667,438.63,0.834166667,329.7508333,1.811666667
40.49,3.344166667,437.7125,0.829166667,329.225,1.830833333
40.0225,3.319166667,436.5566667,0.82,328.4416667,1.809166667
40.3075,3.305,435.4316667,0.815,327.6033333,1.820833333
40.3675,3.324166667,434.4816667,0.81,326.785,1.840833333
39.72166667,3.339166667,433.5908333,0.800833333,325.6833333,1.826666667
39.05083333,3.351666667,432.7616667,0.790833333,324.6158333,1.808333333
38.82166667,3.358333333,432.31,0.79,323.535,1.804166667
38.4675,3.356666667,432.085,0.780833333,322.625,1.790833333
38.645,3.346666667,432.085,0.771666667,321.7808333,1.815833333
38.56,3.323333333,432.0683333,0.7625,320.9175,1.813333333
38.23833333,3.3325,432.085,0.754166667,320.2033333,1.8125
38.26583333,3.313333333,432.1766667,0.746666667,319.4675,1.813333333
37.83,3.323333333,432.2933333,0.739166667,318.8875,1.796666667
37.33083333,3.3325,432.5333333,0.726666667,318.3108333,1.7925
36.8475,3.336666667,432.7366667,0.715833333,317.7483333,1.78
36.695,3.333333333,432.8,0.705833333,317.1791667,1.786666667
36.49083333,3.3525,432.8666667,0.696666667,316.4408333,1.8
36.08333333,3.3575,432.7516667,0.6875,315.7041667,1.784166667
36.64333333,3.315833333,432.2433333,0.68,314.8575,1.836666667
36.94916667,3.305,431.705,0.676666667,314.02,1.858333333
36.58083333,3.334166667,430.5716667,0.6675,312.6833333,1.849166667
36.0975,3.335833333,429.9633333,0.656666667,311.57,1.831666667
35.37166667,3.360833333,429.63,0.641666667,310.5975,1.8075
34.84083333,3.375,429.6633333,0.630833333,309.74,1.788333333
34.55083333,3.383333333,429.9383333,0.6275,309.0341667,1.7775
38.67333333,3.350833333,430.315,0.639166667,308.105,2.0925
43.35333333,3.314166667,430.57,0.6625,306.5558333,2.335833333
47.4425,3.256666667,430.6616667,0.685,305.8216667,2.539166667
50.98916667,3.1825,430.4875,0.709166667,305.5983333,2.735
52.61166667,3.265,429.9216667,0.728333333,305.2141667,2.891666667
52.14166667,3.285833333,429.5966667,0.734166667,304.8091667,2.840833333
51.72416667,3.258333333,429.8466667,0.74,305.0483333,2.764166667
49.54416667,3.318333333,430.4475,0.74,305.97,2.605833333
48.79,3.316666667,430.9033333,0.74,307.2716667,2.535833333
49.25333333,3.320833333,431.4733333,0.75,308.3533333,2.559166667
50.365,3.3,431.7016667,0.758333333,309.0725,2.6325
49.90083333,3.294166667,431.71,0.750833333,309.4983333,2.596666667
48.84166667,3.279166667,431.7266667,0.748333333,309.9566667,2.499166667
47.94,3.315833333,432.0183333,0.740833333,310.725,2.46
46.91916667,3.303333333,432.45,0.74,311.2008333,2.386666667
46.55583333,3.32,433.25,0.734166667,311.7725,2.381666667
45.83,3.340833333,434.1916667,0.73,312.3016667,2.353333333
45.975,3.319166667,434.8891667,0.73,312.7541667,2.345833333
45.965,3.350833333,435.3241667,0.74,313.3258333,2.359166667
46.16166667,3.331666667,435.5633333,0.745,313.8333333,2.3425
46.02,3.360833333,435.5716667,0.75,314.3766667,2.341666667
45.77833333,3.341666667,435.705,0.755833333,314.9591667,2.298333333
45.445,3.365,435.705,0.76,315.5375,2.285
44.55916667,3.37,435.7133333,0.76,315.9758333,2.233333333
45.1975,3.3475,435.63,0.768333333,316.3841667,2.243333333
44.5925,3.341666667,435.505,0.77,316.8291667,2.1925
43.705,3.351666667,435.3075,0.76,317.1658333,2.155
42.74583333,3.368333333,435.2408333,0.7525,317.2608333,2.128333333
42.2525,3.369166667,435.4883333,0.7425,317.1166667,2.119166667
41.04666667,3.413333333,435.93,0.735,316.8466667,2.090833333
40,3.418333333,436.695,0.724166667,316.485,2.050833333
40.115,3.418333333,437.3825,0.72,316.2691667,2.068333333
40.08083333,3.420833333,437.8016667,0.711666667,315.9633333,2.0825
41.90166667,3.405,438.01,0.72,315.6258333,2.183333333
43.64833333,3.3775,437.9516667,0.726666667,315.4091667,2.265
44.1225,3.355833333,437.9766667,0.73,315.4916667,2.280833333
45.375,3.321666667,437.7433333,0.73,315.7125,2.325
45.80083333,3.294166667,437.2608333,0.73,315.9541667,2.335
46.40583333,3.268333333,436.63,0.733333333,316.0733333,2.3425
47.03,3.251666667,435.9716667,0.74,316.2383333,2.365833333
47.12916667,3.26,435.2666667,0.7425,316.3833333,2.365
47.48666667,3.3275,434.6733333,0.754166667,316.2183333,2.415
47.0875,3.328333333,434.2483333,0.76,315.9033333,2.375833333
45.38416667,3.369166667,434.1983333,0.76,316.0133333,2.281666667
44.5425,3.38,434.045,0.7675,316.1491667,2.216666667
42.96083333,3.4075,434.1175,0.768333333,316.3708333,2.141666667
42.10333333,3.405833333,434.5483333,0.761666667,316.5941667,2.094166667
41.47166667,3.42,435.2091667,0.76,316.7433333,2.079166667
40.705,3.4275,435.78,0.751666667,316.775,2.049166667
39.03583333,3.441666667,436.3016667,0.74,316.9058333,1.965
37.23333333,3.474166667,436.82,0.73,317.1225,1.864166667
36.0525,3.473333333,437.2366667,0.72,317.3558333,1.785
36.11333333,3.425,437.4158333,0.71,317.7233333,1.784166667
37.12916667,3.395,437.325,0.71,317.6283333,1.861666667
38.18833333,3.404166667,436.5883333,0.71,317.0258333,1.943333333
37.915,3.416666667,435.8466667,0.71,316.3066667,1.936666667
37.845,3.424166667,435.455,0.701666667,315.5875,1.945833333
37.46583333,3.431666667,435.235,0.691666667,314.8375,1.935833333
38.9375,3.408333333,435.205,0.69,314.0133333,2.045833333
39.72,3.409166667,435.48,0.69,313.11,2.1
39.85666667,3.408333333,435.8133333,0.685833333,312.43,2.123333333
41.32,3.413333333,436.1466667,0.69,311.8625,2.2225
42.60166667,3.388333333,436.7125,0.69,311.52,2.2875
43.59833333,3.363333333,437.3266667,0.69,311.5583333,2.328333333
44.65333333,3.3325,437.8266667,0.7,311.9191667,2.364166667
56.75083333,6.103333333,343.6275,0.66,235.8916667,2.016666667
43.85833333,3.331666667,438.5575,0.703333333,313.2616667,2.290833333
43.49416667,3.324166667,438.9333333,0.71,314.0941667,2.259166667
43.93916667,3.321666667,439.1916667,0.71,314.8525,2.273333333
42.86333333,3.32,439.2416667,0.709166667,315.4041667,2.219166667
42.89083333,3.310833333,439.175,0.7025,315.8475,2.214166667
42.1575,3.3275,438.9083333,0.7,315.9541667,2.196666667
42.65833333,3.33,438.5925,0.7,315.8475,2.2325
42.68083333,3.334166667,438.6341667,0.7,315.7366667,2.233333333
42.83166667,3.338333333,438.8258333,0.7,315.6333333,2.25
42.89333333,3.3475,438.9083333,0.7,315.5483333,2.256666667
43.1225,3.344166667,439.0083333,0.7,315.5291667,2.2625
43.38,3.343333333,439.0666667,0.7025,315.5741667,2.269166667
43.8,3.335,438.8933333,0.71,315.6591667,2.285833333
44.4425,3.314166667,438.5166667,0.713333333,315.8358333,2.293333333
44.64166667,3.315,437.9683333,0.72,316.0708333,2.293333333
44.72833333,3.290833333,437.4575,0.72,316.2808333,2.276666667
44.84833333,3.290833333,436.8616667,0.728333333,316.4666667,2.273333333
44.5275,3.2875,436.2608333,0.73,316.65,2.2375
45.1675,3.268333333,435.73,0.734166667,316.82,2.255833333
46.16666667,3.2425,435.3066667,0.74,316.95,2.286666667
46.85333333,3.223333333,435.0483333,0.75,317.2,2.305
46.9675,3.221666667,434.84,0.75,317.3741667,2.301666667
46.96,3.2175,434.84,0.753333333,317.585,2.291666667
46.7975,3.248333333,434.8733333,0.755833333,317.7983333,2.300833333
46.3925,3.253333333,435.1133333,0.7575,317.9983333,2.275
45.68416667,3.275833333,435.4633333,0.750833333,318.195,2.245833333
45.13583333,3.288333333,435.7633333,0.75,318.34,2.2325
44.19833333,3.32,435.9466667,0.740833333,318.3333333,2.208333333
44.1275,3.334166667,435.9466667,0.74,318.0691667,2.22
43.55666667,3.36,435.9383333,0.733333333,317.6233333,2.214166667
42.70083333,3.3825,435.7883333,0.73,317.1333333,2.1875
42.015,3.403333333,435.8383333,0.725833333,316.575,2.175
42.04416667,3.415,436.08,0.72,316.0583333,2.188333333
41.2175,3.435833333,436.5316667,0.716666667,315.5575,2.169166667
40.75166667,3.453333333,437.2441667,0.71,315.2008333,2.163333333
41.3925,3.45,438.1433333,0.71,314.8366667,2.210833333
43.25166667,3.43,438.9608333,0.715,314.6408333,2.303333333
44.2425,3.408333333,439.525,0.72,314.7816667,2.346666667
45.28666667,3.39,439.9341667,0.728333333,315.2633333,2.385
45.40916667,3.380833333,440.165,0.726666667,315.7783333,2.389166667
45.4925,3.370833333,440.4816667,0.729166667,316.3208333,2.388333333
45.79416667,3.368333333,440.6066667,0.73,316.77,2.396666667
45.30333333,3.368333333,440.5233333,0.73,317.1416667,2.369166667
45.40833333,3.366666667,440.165,0.73,317.425,2.366666667
45.81416667,3.368333333,439.7083333,0.74,317.5933333,2.376666667
46.16666667,3.363333333,439.0666667,0.745,317.8241667,2.384166667
46.50166667,3.365833333,438.5258333,0.75,317.9091667,2.3925
46.8875,3.360833333,437.96,0.758333333,317.9675,2.409166667
46.68583333,3.366666667,437.6208333,0.754166667,317.9675,2.398333333
46.65916667,3.37,437.4191667,0.75,317.9283333,2.405
46.38666667,3.3675,437.6616667,0.75,317.8375,2.383333333
46.26666667,3.37,438.235,0.7525,317.9283333,2.375
46.30416667,3.37,439.0425,0.76,318.3358333,2.36
46.3375,3.37,439.9616667,0.761666667,318.9583333,2.353333333
46.19166667,3.37,440.8866667,0.77,319.8025,2.333333333
46.2825,3.37,441.755,0.77,320.7066667,2.3325
46.41333333,3.365,442.4975,0.775833333,321.5658333,2.335833333
46.77583333,3.355833333,443.3583333,0.78,322.4491667,2.3475
46.88916667,3.355833333,443.985,0.78,323.2241667,2.3475
46.80666667,3.35,444.2933333,0.78,323.9716667,2.339166667
46.805,3.35,444.1433333,0.78,324.5575,2.334166667
47.00416667,3.346666667,443.5958333,0.783333333,324.8391667,2.3425
47.31833333,3.3375,443.12,0.79,324.9991667,2.355833333
47.07083333,3.33,442.5866667,0.79,325.0933333,2.326666667
47.0575,3.33,442.1216667,0.79,325.24,2.315
47.40583333,3.318333333,441.605,0.795833333,325.3625,2.325833333
47.6825,3.3075,441.0025,0.8,325.325,2.325833333
48.62666667,3.291666667,440.275,0.806666667,325.4083333,2.364166667
49.77666667,3.268333333,439.2425,0.82,325.2408333,2.406666667
49.8575,3.254166667,438.0516667,0.823333333,325.0033333,2.389166667
49.98,3.25,436.895,0.830833333,324.7975,2.365
50.0025,3.241666667,435.8883333,0.84,324.7358333,2.341666667
50.25666667,3.24,434.9816667,0.848333333,324.68,2.341666667
50.36416667,3.245,434.1516667,0.8575,324.5616667,2.330833333
50.75333333,3.25,433.4166667,0.86,324.3483333,2.358333333
51.4275,3.2475,432.5641667,0.865833333,323.9283333,2.404166667
51.81916667,3.245,431.7708333,0.87,323.3208333,2.4175
51.19166667,3.258333333,431.1533333,0.87,322.8491667,2.37
50.95,3.27,430.8616667,0.874166667,322.63,2.345
50.78,3.2675,430.8616667,0.88,322.5283333,2.328333333
51.24333333,3.251666667,431.2858333,0.88,322.6891667,2.3475
57.68583333,8.550833333,278.5766667,0.7175,190.7025,1.778333333
50.43833333,3.235833333,432.3091667,0.875,323.0533333,2.2825
48.2775,3.2575,433.0416667,0.86,323.6558333,2.158333333
46.77,3.284166667,433.855,0.845,324.2591667,2.105
45.4525,3.325,434.69,0.830833333,324.6,2.084166667
44.5775,3.36,435.5716667,0.819166667,324.455,2.0875
43.35333333,3.404166667,436.4491667,0.81,324.0925,2.0725
42.30666667,3.444166667,437.3825,0.806666667,323.77,2.05
41.45333333,3.483333333,438.1266667,0.8,323.3691667,2.041666667
40.9525,3.514166667,438.5433333,0.7925,322.8816667,2.048333333
40.53916667,3.530833333,438.5933333,0.785833333,322.225,2.043333333
39.91583333,3.541666667,438.285,0.776666667,321.5141667,2.0325
42.00416667,3.516666667,437.8766667,0.778333333,320.5841667,2.1525
43.10333333,3.495,437.4558333,0.77,319.6508333,2.206666667
44.33583333,3.456666667,436.92,0.771666667,318.9258333,2.253333333
44.68,3.4275,436.4158333,0.774166667,318.545,2.249166667
45.715,3.385,436.005,0.78,318.4566667,2.276666667
46.1,3.354166667,435.7216667,0.78,318.5325,2.2825
46.0725,3.331666667,435.44,0.7775,318.71,2.264166667
46.77166667,3.2925,434.9958333,0.78,318.7733333,2.280833333
47.70583333,3.248333333,434.315,0.784166667,318.8858333,2.3025
49.24333333,3.218333333,433.2416667,0.79,318.8616667,2.375833333
48.70416667,3.224166667,432.0683333,0.793333333,318.6533333,2.331666667
48.69,3.229166667,430.9783333,0.8,318.3791667,2.3175
49.2425,3.230833333,430.3641667,0.809166667,318.2033333,2.340833333
49.55166667,3.253333333,430.0633333,0.81,317.9516667,2.374166667
49.1325,3.283333333,429.9466667,0.81,317.5958333,2.359166667
48.94166667,3.300833333,429.905,0.81,317.2916667,2.364166667
48.96916667,3.310833333,429.9883333,0.809166667,317.0516667,2.375
47.5,3.321666667,430.2658333,0.8,316.8666667,2.289166667
47.9025,3.306666667,430.795,0.790833333,316.8075,2.328333333
48.74,3.275,431.6791667,0.79,316.6616667,2.385
47.8175,3.286666667,432.9783333,0.780833333,316.7433333,2.344166667
47.29416667,3.286666667,434.3833333,0.776666667,317.1333333,2.321666667
47.61583333,3.298333333,436.07,0.7725,317.7541667,2.356666667
46.94,3.318333333,437.945,0.77,318.38,2.34
46.29333333,3.3375,439.7208333,0.76,319.15,2.325833333
46.17666667,3.345833333,441.1091667,0.76,319.88,2.333333333
46.6625,3.345833333,442.0291667,0.7575,320.4575,2.384166667
46.0175,3.356666667,442.3625,0.745833333,320.7241667,2.3675
45.83,3.354166667,442.2516667,0.74,320.7766667,2.3675
45.7425,3.363333333,441.805,0.74,320.6275,2.366666667
45.13083333,3.365833333,441.15,0.74,320.4275,2.334166667
45.5925,3.353333333,440.3566667,0.74,320.1325,2.351666667
46.19083333,3.341666667,439.3333333,0.74,319.7025,2.376666667
46.06916667,3.3425,438.4416667,0.74,319.3041667,2.363333333
45.6075,3.3475,437.8933333,0.744166667,319.0975,2.325833333
45.7125,3.33,437.555,0.75,318.9825,2.31
45.895,3.3325,437.2516667,0.75,318.9633333,2.32
45.7875,3.323333333,436.9366667,0.75,318.8241667,2.305833333
46.71916667,3.291666667,436.545,0.75,318.71,2.34
46.86666667,3.288333333,436.1633333,0.753333333,318.6275,2.345833333
47.43916667,3.2525,435.8133333,0.758333333,318.5633333,2.355833333
47.99,3.239166667,435.325,0.753333333,318.4241667,2.39
47.97166667,3.2325,434.9216667,0.75,318.1766667,2.390833333
47.34416667,3.245833333,434.7983333,0.75,317.9225,2.353333333
47.45416667,3.225,434.9791667,0.746666667,317.8633333,2.353333333
48.1325,3.229166667,435.3333333,0.75,317.8308333,2.405
48.24833333,3.25,435.68,0.75,317.7408333,2.426666667
46.89,3.301666667,436.03,0.75,317.6983333,2.375833333
46.64,3.315,436.7283333,0.749166667,317.7225,2.365833333
46.77666667,3.339166667,437.6633333,0.75,317.9316667,2.3875
46.55916667,3.356666667,438.8958333,0.75,318.2516667,2.384166667
46.02833333,3.393333333,440.0608333,0.754166667,318.7358333,2.371666667
45.3825,3.42,441.0841667,0.76,319.245,2.345833333
45.68083333,3.419166667,441.6883333,0.76,319.79,2.351666667
45.74666667,3.423333333,442.08,0.7675,320.3491667,2.355
45.11,3.445,442.3633333,0.77,320.845,2.329166667
44.975,3.4375,442.57,0.77,321.2933333,2.313333333
45.82083333,3.420833333,442.7283333,0.774166667,321.6475,2.343333333
46.48083333,3.4,442.1925,0.78,321.9708333,2.361666667
46.165,3.39,441.1266667,0.77,322.125,2.344166667
45.7225,3.385833333,439.8783333,0.761666667,321.8558333,2.330833333
45.93083333,3.371666667,438.465,0.755,321.1966667,2.349166667
46.37,3.35,437.1183333,0.75,320.2983333,2.369166667
46.98,3.326666667,435.9533333,0.75,319.41,2.3875
46.42333333,3.320833333,434.7716667,0.75,318.5141667,2.346666667
46.17416667,3.3025,433.7216667,0.745,317.7933333,2.321666667
46.6775,3.285,432.655,0.75,317.1541667,2.329166667
46.65583333,3.27,431.7541667,0.75,316.6383333,2.310833333
46.2875,3.259166667,431.0783333,0.753333333,316.25,2.266666667
44.55166667,3.275,430.6116667,0.75,316.1175,2.164166667
44.10166667,3.281666667,430.3791667,0.750833333,316.0333333,2.143333333
43.72,3.303333333,430.2883333,0.755,315.8158333,2.126666667
43.62166667,3.319166667,430.3866667,0.76,315.73,2.1225
42.855,3.343333333,430.47,0.76,315.4408333,2.091666667
42.87833333,3.355,430.545,0.76,315.3258333,2.098333333
43.15833333,3.379166667,430.795,0.763333333,315.1366667,2.126666667
42.81833333,3.393333333,431.07,0.761666667,314.9325,2.115833333
42.24416667,3.4175,431.6225,0.76,314.7058333,2.113333333
42.115,3.4275,432.6791667,0.756666667,314.56,2.12
41.78666667,3.434166667,433.7558333,0.75,314.5475,2.125833333
41.535,3.438333333,434.8225,0.74,314.4916667,2.123333333
40.64666667,3.44,435.8875,0.735,314.5608333,2.085833333
40.55916667,3.429166667,436.63,0.73,314.8208333,2.079166667
40.62666667,3.429166667,437.1533333,0.73,315.0475,2.083333333
40.45333333,3.42,437.295,0.734166667,315.3391667,2.065833333
40.71083333,3.420833333,437.3116667,0.74,315.66,2.075833333
40.85833333,3.418333333,436.87,0.74,315.7608333,2.076666667
40.55333333,3.435833333,435.8291667,0.741666667,315.7033333,2.063333333
40.85083333,3.445833333,434.4483333,0.755,315.4216667,2.065833333
40.9425,3.475,432.8866667,0.7675,315.0341667,2.065833333
41.63166667,3.4575,431.3083333,0.7775,314.6458333,2.07
41.45416667,3.46,429.6966667,0.785,314.2416667,2.040833333
41.90583333,3.4475,428.2583333,0.79,313.8641667,2.0425
42.30166667,3.435,426.9108333,0.798333333,313.445,2.0425
42.975,3.414166667,426.1933333,0.804166667,313.2108333,2.053333333
42.795,3.400833333,426.0266667,0.81,313.1175,2.0225
43.00333333,3.383333333,426.5558333,0.810833333,313.3825,2.015
43.395,3.3625,427.0833333,0.819166667,313.8908333,2.009166667
43.6625,3.35,427.6408333,0.82,314.4975,2.0025
41.84833333,3.361666667,428.1825,0.819166667,315.2458333,1.925
40.675,3.375,428.97,0.811666667,315.8508333,1.876666667
40.2575,3.375,429.755,0.81,316.3083333,1.86
40.125,3.375,430.4375,0.8075,316.6691667,1.8625
39.75333333,3.375833333,430.67,0.8,316.8141667,1.851666667
39.86416667,3.3725,430.6866667,0.790833333,316.81,1.863333333
39.99333333,3.38,430.3875,0.79,316.55,1.8925
40.20333333,3.381666667,430.0783333,0.79,316.1416667,1.905
40.41333333,3.378333333,430.005,0.79,315.8058333,1.911666667
40.76166667,3.38,430.1916667,0.798333333,315.6725,1.92
40.6775,3.388333333,430.7116667,0.8,315.8733333,1.910833333
40.34833333,3.396666667,431.5633333,0.8,316.2433333,1.9025
40.2175,3.4,432.375,0.8,316.6566667,1.904166667
40.27166667,3.393333333,433.2083333,0.8,317.0016667,1.9075
40.815,3.385,434.0033333,0.8,317.3808333,1.9325
40.46,3.389166667,434.7225,0.8,317.8891667,1.9175
40.2975,3.39,435.4891667,0.8,318.4433333,1.916666667
39.98916667,3.398333333,436.2183333,0.791666667,318.9766667,1.915833333
39.74166667,3.399166667,436.8366667,0.785,319.3408333,1.910833333
39.44416667,3.404166667,437.0283333,0.78,319.5133333,1.909166667
39.23666667,3.408333333,436.6466667,0.78,319.5433333,1.898333333
39.135,3.408333333,435.6816667,0.775833333,319.265,1.890833333
38.9925,3.410833333,434.3733333,0.77,318.7816667,1.8925
38.8975,3.42,432.9116667,0.77,318.0233333,1.898333333
38.785,3.430833333,431.7041667,0.768333333,317.1783333,1.895833333
38.66833333,3.4475,431.0283333,0.768333333,316.4158333,1.893333333
38.4775,3.463333333,430.57,0.768333333,315.69,1.8925
38.37,3.475833333,430.4533333,0.760833333,315.06,1.8975
38.2125,3.48,430.4616667,0.7575,314.4633333,1.9
38.02333333,3.476666667,430.4283333,0.7475,313.8033333,1.898333333
37.93083333,3.466666667,430.395,0.739166667,313.23,1.898333333
37.815,3.4475,430.4283333,0.725,312.6383333,1.901666667
37.76833333,3.413333333,430.2325,0.713333333,311.9391667,1.9025
38.70833333,3.345,429.5383333,0.709166667,311.2083333,1.944166667
39.27333333,3.303333333,428.6641667,0.7,310.375,1.968333333
39.62,3.286666667,427.54,0.6975,309.6058333,1.9825
39.61333333,3.243333333,426.5491667,0.69,308.8375,1.97
39.55666667,3.246666667,426.035,0.6825,308.1058333,1.981666667
39.24,3.234166667,426.2183333,0.673333333,307.5066667,1.973333333
40.37416667,3.27,427.25,0.6775,307.0058333,2.065
42.08833333,3.27,428.8108333,0.680833333,306.625,2.165
43.02166667,3.275833333,430.8525,0.69,306.8466667,2.215833333
43.33166667,3.283333333,433.0275,0.691666667,307.6158333,2.233333333
43.98333333,3.285,434.9516667,0.7025,308.7541667,2.261666667
57.64416667,9.979166667,288.5841667,0.659166667,183.3775,1.7525
44.65666667,3.294166667,438.275,0.723333333,311.78,2.271666667
44.63083333,3.305,439.5075,0.735833333,313.5291667,2.255833333
44.68,3.310833333,440.44,0.7475,315.2841667,2.235833333
45.25583333,3.3075,441.0516667,0.758333333,316.8991667,2.249166667
45.42583333,3.303333333,441.3133333,0.768333333,318.3666667,2.241666667
46.5,3.286666667,441.3633333,0.77,319.6575,2.29
46.165,3.28,441.38,0.77,320.6041667,2.266666667
46.02,3.2675,441.4633333,0.77,321.3816667,2.2475
45.96833333,3.26,441.38,0.77,322.0916667,2.2375
45.87666667,3.259166667,441.4216667,0.7725,322.6841667,2.219166667
46.26416667,3.2475,441.43,0.78,323.3058333,2.2225
48.25833333,3.226666667,441.2383333,0.791666667,323.935,2.3325
49.395,3.205,440.7641667,0.8,324.0566667,2.386666667
49.66,3.191666667,439.8291667,0.8,324.08,2.391666667
50.07833333,3.279166667,438.6225,0.809166667,323.8083333,2.4725
49.19583333,3.28,437.8266667,0.808333333,323.2825,2.396666667
48.0125,3.300833333,437.4591667,0.8,323.0958333,2.333333333
48.81333333,3.279166667,437.1533333,0.8,322.8866667,2.380833333
49.39916667,3.275833333,436.745,0.800833333,322.5175,2.420833333
47.78416667,3.305,436.3508333,0.8,322.2116667,2.315
47.99916667,3.293333333,436.0383333,0.8,322.1533333,2.329166667
49.4275,3.24,436.0216667,0.8075,322.0158333,2.39
49.94833333,3.250833333,436.055,0.81,321.9083333,2.425833333
49.90666667,3.243333333,436.245,0.81,321.85,2.410833333
49.815,3.289166667,436.9116667,0.8125,322.1116667,2.43
47.3275,3.340833333,438.2,0.8025,322.4108333,2.305833333
47.13083333,3.32,439.9033333,0.8,323.0975,2.283333333
48.05666667,3.278333333,441.1425,0.8,323.91,2.325833333
48.38083333,3.2675,441.4383333,0.799166667,324.5058333,2.345
48.50416667,3.263333333,440.8708333,0.79,324.7608333,2.361666667
47.48083333,3.2875,440.0266667,0.785,324.6083333,2.32
47.62833333,3.269166667,439.425,0.78,324.3166667,2.335833333
48.08416667,3.265833333,439.1666667,0.78,323.795,2.368333333
47.47,3.286666667,439.0583333,0.773333333,323.4591667,2.345
47.25166667,3.285833333,439.2666667,0.77,323.1791667,2.3425
47.0275,3.303333333,439.7958333,0.769166667,323.055,2.339166667
46.605,3.305833333,440.5233333,0.765833333,323.015,2.318333333
47.03,3.290833333,441.2066667,0.77,323.2558333,2.334166667
47.635,3.27,441.7633333,0.77,323.5725,2.360833333
47.63416667,3.269166667,442.2341667,0.77,323.8833333,2.3625
47.1175,3.275,442.5033333,0.77,324.1825,2.336666667
47.49333333,3.2525,442.5866667,0.7675,324.4741667,2.348333333
47.3625,3.261666667,442.8283333,0.765,324.73,2.345
46.9475,3.27,443.4408333,0.768333333,325.1008333,2.319166667
47.62583333,3.253333333,444.4091667,0.77,325.6258333,2.353333333
48.10583333,3.248333333,445.3166667,0.774166667,326.2166667,2.373333333
47.92916667,3.2725,446.2925,0.78,326.9,2.374166667
47.0725,3.310833333,447.3833333,0.78,327.5841667,2.335833333
47.26,3.2925,448.3675,0.781666667,328.4366667,2.334166667
47.30666667,3.309166667,449.0783333,0.79,329.3516667,2.34
47.14,3.311666667,449.37,0.79,329.98,2.3275
46.7925,3.325833333,449.3533333,0.79,330.5108333,2.315
47.41,3.319166667,449.6366667,0.79,330.9375,2.345833333
47.27,3.329166667,450.01,0.79,331.3058333,2.341666667
47.21,3.334166667,450.3766667,0.79,331.5725,2.351666667
47.27333333,3.3225,450.7708333,0.785,331.8191667,2.3575
47.28916667,3.31,451.15,0.78,332.0591667,2.355
47.70416667,3.3,451.4333333,0.7825,332.3016667,2.376666667
47.97666667,3.285,451.6583333,0.781666667,332.5766667,2.384166667
47.6175,3.296666667,451.6083333,0.78,332.78,2.366666667
47.13333333,3.2875,451.65,0.78,333.0066667,2.338333333
45.05166667,3.3,451.775,0.768333333,333.2883333,2.218333333
38.72416667,3.37,451.7916667,0.735,333.4241667,1.928333333
33.25583333,3.3825,451.6083333,0.705,333.7141667,1.543333333
31.11666667,3.396666667,451.1091667,0.696666667,335.0608333,1.395833333
30.54,3.3275,450.3675,0.7,336.3641667,1.31
29.17333333,3.355,449.375,0.7,337.8083333,1.183333333
27.64083333,3.359166667,448.49,0.7,339.5366667,1.045833333
25.27583333,3.39,447.8216667,0.691666667,341.6741667,0.86
24.1725,3.389166667,447.2441667,0.69,344.1341667,0.789166667
23.195,3.403333333,446.89,0.69,346.1358333,0.725833333
