eturb_m1_steam_flow_in,eturb_m2_steam_flow_in,boiler_m1_outlet_steam_flow,boiler_m3_outlet_steam_flow,steampipeline_p1_hp_steam_pressure
81.7775,74.62833333,76.9,76.15,3.073333333
82.25083333,74.58583333,77.31666667,76.25833333,3.069166667
83.3625,74.4175,78.01666667,76.74166667,3.0525
82.61166667,74.34583333,77.5,76.70833333,3.046666667
82.69916667,74.13833333,77.18333333,76.76666667,3.046666667
82.30333333,74.82166667,77.3,76.34166667,3.048
79.22083333,75.30833333,75.51666667,75.06666667,3.071666667
78.98083333,74.60916667,75.05,74.9,3.084166667
77.01416667,74.79,73.84166667,74.23333333,3.113636364
77.435,74.9825,73.18333333,74.39166667,3.134545455
77.1975,75.395,73.29166667,74.75,3.150833333
77.685,75.26909091,72.86666667,74.825,3.166
77.08666667,75.33083333,72.7,75.14166667,3.174166667
77.91416667,75.2975,72.38333333,75.63333333,3.1825
78.10166667,75.42416667,72.41666667,75.91666667,3.1875
78.84333333,75.7475,73.28333333,76.20909091,3.1775
79.8075,75.83666667,74.31666667,76.24166667,3.159166667
79.37833333,75.73727273,74.35833333,75.84166667,3.158181818
79.1825,75.79333333,74.53333333,75.49166667,3.16
79.53333333,75.71083333,75.25,75.35833333,3.155833333
81.44333333,75.5175,76.325,75.73333333,3.14
80.80833333,75.50916667,75.9,75.45,3.138181818
80.26916667,75.30833333,75.55,75.18333333,3.135
81.3375,75.08333333,76.2,75.75,3.113333333
79.38583333,75.16416667,75.19166667,74.68333333,3.125
78.7025,75.16916667,74.84166667,74.35,3.132727273
79.715,75.17416667,75.35833333,74.775,3.125
78.995,75.01916667,74.725,74.65,3.124545455
79.30083333,74.93916667,74.775,74.84166667,3.124166667
79.3575,75.10416667,74.3,75.3,3.1225
79.55916667,74.85333333,74.20833333,75.675,3.116363636
78.80333333,74.8775,73.775,75.35,3.121666667
78.955,74.85083333,74.01666667,75.43333333,3.115454545
78.77583333,74.74,74.075,75.39166667,3.116666667
78.57833333,74.78666667,73.925,75.08181818,3.119166667
79.33416667,74.68166667,74.38333333,75.425,3.115
79.5,74.69,74.375,75.74166667,3.108333333
79.07583333,74.58666667,74.43333333,75.41666667,3.105833333
78.93833333,74.50083333,74.325,75.2,3.105833333
78.99833333,74.55416667,74.3,75.075,3.106666667
78.8875,74.63833333,74.31666667,75.125,3.109166667
79.2425,74.63416667,74.375,75.125,3.114166667
79.23583333,74.64666667,74.60833333,75.375,3.114
81.0775,76.30909091,75.41666667,75.88333333,3.095454545
80.4275,76.93,75.56666667,75.7,3.095
81.4125,79.2475,76.00833333,75.975,3.083333333
80.90916667,78.38916667,75.93333333,75.85833333,3.085
81.6675,81.59416667,76.35833333,76.13333333,3.070833333
80.6025,81.5775,75.9,75.425,3.0775
79.85583333,78.30916667,75.68333333,75.08333333,3.076666667
80.58916667,82.8625,75.98333333,75.69166667,3.066666667
80.5125,83.88583333,75.8,75.34166667,3.061666667
81.33833333,83.6925,76.375,75.69166667,3.048333333
79.6775,84.17083333,75.86666667,75.17272727,3.056363636
80.97666667,83.71916667,76.43333333,75.15,3.05
80.69583333,84.23333333,76.55,75.35,3.045833333
80.51916667,83.75416667,76.175,75.34166667,3.0525
79.56916667,83.87166667,75.40833333,74.95,3.065833333
80.01583333,78.09333333,75.66666667,75.15833333,3.073333333
80.14666667,76.505,75.95,74.95833333,3.0775
81.35583333,76.51416667,76.525,75.525,3.074166667
80.18666667,75.16416667,76.13333333,74.95833333,3.084166667
79.62916667,74.75,75.86666667,74.44166667,3.103333333
79.50833333,74.8375,76.15,74.06363636,3.111666667
79.55833333,74.97583333,76.18333333,74.125,3.118333333
79.27333333,74.96416667,75.98333333,74.1,3.120833333
80.29666667,74.92583333,76.4,74.5,3.110833333
79.35166667,74.83333333,76.075,74.125,3.105833333
79.96166667,76.3925,76.45833333,74.31666667,3.101666667
79.21166667,74.74,76.15833333,73.86666667,3.108333333
78.90333333,74.81083333,75.73333333,73.61666667,3.121666667
78.56666667,74.95083333,75.44166667,73.73333333,3.121666667
77.6875,75.11333333,74.90833333,73.325,3.140833333
78.18,75.39,75.175,73.48333333,3.149166667
78.995,75.4425,75.63333333,74.00833333,3.146666667
78.2075,75.6075,75.38333333,73.875,3.148333333
77.91666667,75.70416667,75.29166667,73.70833333,3.165833333
77.165,75.27583333,74.8,73.05,3.200833333
77.095,75.72083333,74.88333333,73.30833333,3.224166667
77.31583333,75.98583333,75.21666667,73.55833333,3.228333333
77.6725,75.9175,75.46666667,73.375,3.24
78.43,76.11916667,75.75833333,74.125,3.223333333
76.99333333,75.73636364,74.65833333,73.50833333,3.239166667
78.07083333,76.04916667,75.44166667,74.075,3.221666667
77.33916667,75.32166667,74.64166667,73.60833333,3.226666667
78.15666667,76.11083333,74.85833333,74.51666667,3.206666667
77.35083333,75.47916667,74.15,74.00833333,3.204166667
78.23583333,75.49,74.275,74.49166667,3.198333333
77.5875,75.865,74.00833333,74.69166667,3.188333333
78.35083333,75.83583333,74.15,75.09166667,3.1775
77.41,75.48333333,73.6,74.59166667,3.1825
77.61416667,75.40083333,74.01666667,74.34166667,3.185833333
77.91583333,75.85,74.83333333,74.20833333,3.196666667
79.39,76.2075,75.85833333,74.68333333,3.185833333
78.2075,76.29583333,75.76666667,74.11666667,3.203333333
79.33583333,76.465,76.65,74.29166667,3.2025
79.52416667,76.47666667,76.90833333,74.26666667,3.195833333
79.63416667,76.31916667,77.11666667,73.95,3.190833333
79.31416667,76.28666667,76.71666667,73.94166667,3.1875
78.5325,76.1375,76.34166667,73.69090909,3.1925
78.55166667,76.18083333,76.375,73.78333333,3.196666667
79.8475,76.08083333,76.575,74.45,3.186363636
78.42166667,76.37166667,75.69166667,74.275,3.197272727
78.7125,76.2625,75.61666667,74.60833333,3.191818182
77.23583333,75.65583333,74.25,74.14166667,3.225
77.57,75.97583333,74.36666667,74.64166667,3.236666667
77.45583333,75.745,74.25833333,74.425,3.250833333
78.26083333,76.405,74.975,74.98333333,3.2525
77.41416667,76.05166667,74.63333333,74.25833333,3.2775
77.55083333,76.95,75.2,74.71666667,3.275833333
78.29666667,75.92916667,75.2,74.31666667,3.298333333
77.55416667,76.20833333,75.10833333,74.01818182,3.308333333
78.01333333,76.54727273,75.43333333,74.24166667,3.315
78.06333333,76.3975,75.16666667,74.61666667,3.306666667
78.47083333,76.34083333,75.05833333,74.95454545,3.309166667
77.5575,75.72583333,74.24166667,74.525,3.311666667
78.03833333,71.69916667,72.43333333,72.96666667,3.371666667
78.27333333,72.75666667,72.875,73.5,3.391666667
78.91916667,74.93666667,73.94166667,75.13333333,3.363333333
79.04583333,74.7475,73.475,75.45,3.349166667
79.115,74.7475,73.15,75.74166667,3.330833333
78.7725,75.0725,73.025,75.94545455,3.310833333
79.69166667,76.17916667,73.91666667,76.81666667,3.2575
79.10833333,75.55416667,73.31666667,76.30833333,3.231666667
79.20583333,75.45,73.29166667,76.15833333,3.204166667
78.25166667,74.9625,72.84166667,75.34166667,3.193333333
79.46666667,75.18,73.69166667,75.84166667,3.151666667
80.13083333,75.03333333,74.51666667,76.19166667,3.110833333
80.22916667,74.5675,74.88333333,76.175,3.083636364
79.0025,74.49,74.73333333,75.38333333,3.076666667
80.17,74.3525,75.28333333,75.73333333,3.071666667
79.36916667,74.3175,75.33333333,75.31666667,3.065
79.47583333,74.37833333,75.06666667,75.29166667,3.066666667
80.25416667,75.74166667,75.24166667,76.175,3.049166667
79.205,74.11833333,74.625,75.76666667,3.054166667
79.50333333,74.0725,74.475,76.11666667,3.058333333
79.965,75.6175,74.475,76.81666667,3.045
80.45333333,76.28166667,74.65833333,76.975,3.035833333
80.39,79.51166667,74.39166667,77.28333333,3.033333333
81.26666667,81.825,74.59166667,77.84166667,3.025833333
79.95833333,82.645,73.66666667,77.43636364,3.024166667
80.78416667,83.21416667,74.16666667,77.84166667,3.005833333
80.47583333,83.04916667,74.11666667,77.525,2.998333333
81.37583333,82.8925,74.60833333,78.05833333,2.978333333
80.545,82.885,74.16666667,77.49166667,2.980833333
81.56083333,82.68916667,74.85833333,77.90833333,2.968181818
81.71583333,82.765,74.98333333,78.075,2.958333333
81.71,82.86416667,75.20833333,78.29166667,2.946666667
81.30666667,82.50916667,74.63333333,77.84166667,2.950833333
81.79,82.5275,74.93333333,78.45833333,2.9375
82.50166667,83.44166667,75.75,79.51666667,2.913
81.345,82.395,74.68333333,78.45,2.92
80.03916667,82.5375,74.20833333,77.63636364,2.935
79.93916667,82.5125,74.19166667,77.36666667,2.944166667
80.33833333,83.50916667,75.35,77.925,2.928333333
78.98416667,82.63916667,74.075,76.45833333,2.951666667
79.655,82.60916667,74.5,76.81666667,2.946666667
79.4225,82.57666667,74.59166667,76.425,2.95
79.72083333,82.8925,74.675,76.89166667,2.95
80.09166667,82.7125,74.73333333,76.775,2.949166667
80.4025,83.26166667,75.35833333,77.44166667,2.933333333
80.75583333,83.2275,75.44166667,77.63333333,2.930833333
79.54166667,82.525,74.75,76.59166667,2.939166667
79.86083333,82.405,74.59166667,76.74166667,2.944166667
80.2425,83.10166667,75.14166667,77.30833333,2.935833333
79.49416667,82.55916667,74.06666667,76.94166667,2.953333333
79.24083333,82.89416667,74.01666667,77.125,2.96
78.83333333,82.84166667,73.85833333,76.50833333,2.98
79.55583333,83.05666667,74.575,76.58333333,2.9825
78.10833333,83.19916667,73.94166667,75.74166667,3.0025
78.76333333,83.20916667,74.66666667,75.66666667,3.01
79.59666667,83.36,75.06666667,76.225,3
79.09166667,83.28333333,74.9,75.59166667,3.017272727
79.96916667,83.215,75.43333333,75.85,3.01
79.60833333,83.1025,75.28333333,75.625,3.0125
80.645,83.38166667,75.75833333,76.45,2.9975
79.58666667,83.14666667,74.58333333,75.88333333,3.015
79.73916667,83.1375,74.49166667,76.5,3.012
80.18583333,83.11416667,74.475,76.59166667,3.009090909
79.49333333,83.23083333,74.11666667,76.25833333,3.024166667
79.26083333,83.31416667,73.94166667,76.275,3.028181818
79.50333333,83.4125,73.925,76.675,3.033333333
81.2725,83.515,74.98333333,77.45833333,3.01
79.5275,83.07833333,74.09166667,76.61666667,3.014545455
79.9425,83.17333333,74.60833333,76.59166667,3.0125
80.16333333,83.16916667,74.64166667,76.43333333,3.019166667
81.51833333,83.91583333,76.05833333,77.38333333,2.989166667
81.17666667,83.37833333,75.65833333,76.83333333,2.990833333
81.14166667,82.93916667,75.58333333,76.40833333,2.998333333
81.40083333,83.08,75.89166667,76.66666667,2.995454545
81.495,82.9225,75.825,76.79090909,2.993333333
82.47666667,84.47833333,76.86666667,78.05833333,2.966666667
81.83333333,83.94583333,76.275,77.925,2.955833333
81.52666667,83.83333333,75.95833333,77.775,2.955
82.1475,84.18666667,76.53333333,78.225,2.944166667
82.03166667,84.9,77.00833333,78.55833333,2.93
81.42333333,84.08833333,76.58333333,77.83333333,2.925833333
81.255,83.53,76.20833333,77.29166667,2.936666667
80.82416667,82.48833333,75.59166667,76.64545455,2.955833333
80.92833333,82.4575,75.5,76.44166667,2.970833333
81.70666667,84.42333333,77.075,77.29166667,2.952727273
80.99583333,83.395,76.64166667,76.50909091,2.958333333
80.655,82.7025,76.2,75.6,2.979090909
80.59166667,82.8675,76.2,75.36666667,2.99
81.11916667,83.13416667,76.43333333,75.8,2.995833333
81.565,83.71416667,76.80833333,76.46666667,2.9875
81.11166667,83.61666667,76.3,76.325,2.999090909
81.395,83.89333333,76.58333333,76.69166667,2.993333333
80.3225,83.20333333,75.3,76.00833333,3.016363636
80.59916667,83.355,75.18333333,76.125,3.028181818
79.88916667,83.5525,74.69166667,76.225,3.04
80.40583333,83.583,74.8,76.43333333,3.04
79.505,83.69666667,74.68333333,75.80833333,3.0475
80.09416667,82.85083333,74.89166667,75.93333333,3.040833333
79.945,83.63727273,75.05833333,75.825,3.037272727
79.78416667,83.67416667,75.025,75.70833333,3.038333333
79.415,83.7775,74.78333333,75.73333333,3.0425
79.76333333,83.8825,74.86666667,75.58333333,3.049166667
80.465,83.7775,75.38333333,75.76666667,3.045
80.69583333,83.79416667,75.34166667,75.825,3.045
81.665,84.07833333,76.09166667,76.69166667,3.03
80.65166667,83.6725,75.35833333,76.10833333,3.043333333
80.64166667,83.7325,75.38333333,76.15,3.054166667
81.21666667,83.745,75.50833333,76.40833333,3.0525
81.42833333,83.77833333,75.84166667,76.45,3.056666667
81.4675,83.76,76.025,76.4,3.0525
81.5175,83.82333333,76.2,76.375,3.049166667
81.00916667,83.76,75.825,76.19166667,3.0525
80.05916667,83.92583333,75.575,75.51666667,3.05
80.30666667,83.855,75.79166667,75.425,3.043333333
79.43416667,83.73166667,75.19166667,75.04166667,3.043333333
79.8625,83.7125,75.26666667,75.41666667,3.0375
80.3125,83.85833333,75.51666667,75.45833333,3.026666667
79.0325,83.63583333,74.91666667,74.80833333,3.034166667
80.24333333,83.48083333,75.63333333,75.225,3.024166667
78.94333333,83.60833333,75.1,74.7,3.0375
79.43666667,83.66583333,75.3,74.86666667,3.043333333
79.08333333,83.64916667,75.325,74.625,3.051666667
79.8225,83.63666667,75.81666667,74.925,3.055
80.03833333,78.73166667,76.01666667,74.89166667,3.058333333
80.77583333,79.5525,76.14166667,75.55,3.05
81.15416667,82.05416667,76.53333333,76.025,3.038333333
80.35166667,79.50666667,75.925,75.58333333,3.0425
80.3375,80.9975,75.725,75.76666667,3.038333333
79.03,78.71166667,75.14166667,74.88333333,3.049166667
79.655,83.5825,75.5,75.18333333,3.043636364
80.32166667,83.43333333,75.975,75.525,3.026666667
79.69166667,83.375,75.45,75.16666667,3.025833333
79.21833333,83.39416667,75.21666667,75.05833333,3.0275
79.41416667,83.37083333,75.29166667,75.21818182,3.025833333
80.35416667,83.2475,75.40833333,75.71666667,3.013333333
80.93583333,83.60916667,75.98333333,76.20833333,2.998333333
81.24,84.53,76.65,77.075,2.973333333
80.96833333,83.2075,75.775,76.56666667,2.98
81.16833333,83.21583333,75.95,76.69166667,2.98
81.08416667,83.6425,76.2,76.78333333,2.980833333
80.62416667,82.82083333,75.75833333,76.08333333,2.998333333
80.36166667,83.21666667,75.7,76.11666667,3.004545455
80.0675,83.29583333,75.31666667,75.71666667,3.028181818
80.02666667,83.32333333,75.35833333,75.54166667,3.034
79.48333333,83.39,75.45833333,75.375,3.042222222
81.02083333,83.535,76.33333333,75.74166667,3.037272727
80.43916667,83.43416667,76.01666667,75.33333333,3.036666667
80.04083333,83.54166667,75.8,75.25,3.031666667
79.07083333,83.60333333,75.275,74.76666667,3.039090909
78.65333333,83.6125,74.9,74.775,3.045833333
79.37583333,83.64833333,75.00833333,75.09166667,3.043333333
79.58416667,83.59166667,75,75.40833333,3.036666667
79.86583333,83.6075,74.975,75.66666667,3.0325
78.635,83.63083333,74.41666667,75.15,3.038333333
78.72166667,83.57416667,74.325,75.00833333,3.0525
79.3775,83.61833333,74.8,75.36666667,3.0525
78.45083333,79.6825,74.75833333,74.78333333,3.060833333
79.3875,81.17666667,75.2,75.075,3.054166667
78.99083333,79.57166667,75.43333333,74.68333333,3.053333333
79.50833333,80.32083333,75.925,74.75,3.054166667
77.9925,76.445,75.11666667,73.95833333,3.069166667
78.25416667,74.75,75.20833333,73.79166667,3.071666667
78.83583333,76.43083333,75.75,74.025,3.066666667
78.28666667,77.27,75.38333333,73.89166667,3.068333333
78.82166667,79.63,75.55,74.24166667,3.065454545
79.9475,82.12333333,76.09166667,74.70833333,3.0525
78.04666667,78.00833333,74.96666667,73.93333333,3.063333333
78.58916667,80.43,75.14166667,74.34166667,3.061666667
80.185,82.70416667,75.7,75.275,3.041666667
79.18083333,83.5425,75.425,74.76666667,3.044166667
79.67416667,83.47583333,75.65833333,74.98333333,3.04
81.29666667,83.49166667,76.70833333,75.91666667,3.014545455
80.86666667,83.43666667,76.65,75.69166667,3.015833333
80.74833333,83.03916667,76.68333333,75.19166667,3.0125
81.35583333,82.89333333,77.025,75.26666667,3.006666667
82.18583333,83.91416667,78.38333333,76.025,2.978333333
81.85416667,84.86333333,78.75,76.36666667,2.950833333
80.90166667,83.12416667,77.63333333,75.28333333,2.955833333
81.63833333,83.78583333,78.15,75.95,2.945833333
81.2625,83.20583333,77.7,75.63333333,2.9425
81.12083333,83.41,77.6,75.86666667,2.936666667
80.855,82.96416667,77.28333333,75.6,2.9475
81.09416667,82.605,76.91666667,75.38333333,2.9575
81.305,83.77083333,77.73333333,76.09166667,2.945
81.15333333,83.81166667,77.64166667,76.34166667,2.935833333
81.17583333,83.14083333,77.25,75.94166667,2.945833333
80.36583333,82.59916667,76.93333333,74.99166667,2.959166667
80.42416667,82.64833333,77.04166667,74.73333333,2.965
80.63583333,82.73916667,77.39166667,74.89166667,2.960833333
80.34416667,82.59583333,77.14166667,74.63333333,2.965833333
80.56916667,83.07083333,77.58333333,75,2.959166667
80.34333333,83.0925,77.625,74.45,2.96
80.12333333,83.36333333,77.63333333,74.08333333,2.968333333
80.2925,82.89083333,77.45833333,73.89166667,2.978333333
79.77833333,83.15333333,77.31666667,73.56666667,2.991666667
79.63,83.3725,76.98333333,73.50833333,3.011666667
79.55833333,83.57666667,76.74166667,73.625,3.023333333
80.46666667,83.67583333,77.34166667,73.9,3.028333333
78.92333333,84.00833333,76.79166667,73.125,3.048333333
78.86166667,83.135,76.5,73.19166667,3.055833333
79.98666667,84.05916667,77.075,73.625,3.062
78.44583333,80.91166667,76.19166667,73.05454545,3.083333333
78.74416667,82.7075,76.225,73.15833333,3.080833333
77.19,75.22666667,75.13333333,72.60833333,3.096666667
78.5525,77.68333333,75.81666667,73.375,3.093333333
77.71583333,75.30416667,75.35833333,72.76666667,3.105833333
78.635,80.235,76.075,73.26666667,3.0925
77.70916667,76.79166667,75.60833333,72.81666667,3.0975
78.99583333,80.78166667,76.10833333,73.36666667,3.083
79.11583333,81.58083333,76.3,73.34166667,3.074166667
78.56583333,81.61916667,76.24166667,73.24166667,3.07
79.30583333,79.9975,76.58333333,73.45,3.077272727
78.81083333,77.70916667,76.50833333,73.03333333,3.088333333
78.7775,74.48583333,76.46666667,72.96666667,3.103333333
78.175,74.9325,76.11666667,72.96666667,3.115
77.95583333,75.19916667,76.00833333,72.66666667,3.129166667
78.16083333,75.50272727,76.175,72.93333333,3.144166667
78.42416667,75.57666667,76.4,73.01666667,3.146666667
79.785,75.56166667,77.05,73.48333333,3.139166667
78.25,75.80833333,76.59166667,72.775,3.156666667
79.775,75.5125,77.2,73.40909091,3.135833333
79.90333333,75.44583333,77.16666667,73.425,3.133333333
79.48666667,75.37416667,76.91666667,73.34166667,3.13
78.71166667,75.345,76.86666667,72.74166667,3.128333333
80.67333333,75.03666667,77.64166667,73.63333333,3.115
78.7325,75.24916667,76.51666667,73.01666667,3.125454545
79.55083333,75.09416667,76.80833333,73.525,3.119166667
79.8575,75.19083333,76.65,73.775,3.124166667
78.97083333,75.4825,76.125,73.56666667,3.14
78.5425,75.7,75.79166667,73.71666667,3.153333333
78.13833333,76.05,75.83333333,73.63333333,3.17
79.28083333,76.235,76.775,73.875,3.174166667
76.95166667,76.6,75.85833333,73.05833333,3.208333333
79.03,76.50583333,76.88333333,73.73333333,3.21
77.87583333,76.585,76.58333333,73.08333333,3.223333333
77.6875,76.66333333,76.825,72.86666667,3.23
77.15833333,76.4825,76.38333333,72.675,3.248333333
77.7875,76.68666667,76.86666667,72.925,3.241666667
77.4975,76.59916667,76.90833333,72.55833333,3.25
77.01416667,76.36,76.39166667,72.41666667,3.263333333
77.85416667,76.6875,76.59166667,73.28333333,3.2525
77.41166667,76.36083333,75.89166667,73.21666667,3.26
77.7775,76.47583333,75.63333333,73.85,3.245833333
79.225,76.69333333,75.90833333,74.94166667,3.220833333
78.38083333,76.54333333,75.05833333,74.85833333,3.206666667
77.825,76.085,74.51666667,74.625,3.200833333
79.30333333,76.085,75.13333333,75.1,3.18
78.07083333,75.98333333,74.675,74.50833333,3.170833333
78.75666667,75.57083333,74.95833333,74.525,3.150833333
77.885,75.51583333,74.53333333,74.00833333,3.1525
78.01,75.51166667,74.95833333,73.84166667,3.148333333
77.46333333,75.48916667,75.05,73.075,3.158333333
78.77833333,75.38333333,76.03333333,73.525,3.141666667
78.25333333,75.41833333,75.89166667,73.01666667,3.154166667
77.69416667,75.36083333,75.975,72.73333333,3.145
78.1175,75.425,76.14166667,72.84166667,3.15
78.93916667,75.315,76.5,73.25833333,3.135
78.72833333,75.3825,76.5,73.16666667,3.1375
78.41416667,75.45,76.39166667,72.89166667,3.143333333
79.19833333,75.42583333,76.54166667,73.59166667,3.136666667
78.69,75.4675,76.31666667,73.34166667,3.14
77.82583333,75.7025,76.09166667,72.925,3.1525
80.03666667,75.49416667,77.175,73.675,3.133333333
78.70583333,75.53833333,76.83333333,73.05,3.1375
78.4275,75.55,76.55,72.78333333,3.144166667
79.33333333,75.4625,77.03333333,73.1,3.14
77.98083333,75.5575,76.60833333,72.45833333,3.146363636
78.1175,75.69416667,76.58333333,72.55833333,3.155833333
77.95,75.70083333,76.51666667,72.73333333,3.1625
78.79833333,75.70166667,76.81666667,73.00833333,3.159166667
78.68083333,75.83416667,76.85833333,72.84166667,3.16
78.46583333,75.84916667,76.74166667,72.99166667,3.161666667
78.6475,75.94416667,76.81666667,73.01666667,3.163636364
78.75916667,75.96583333,77.00833333,73.04166667,3.163333333
78.1725,76.20833333,76.825,72.93333333,3.175
78.42666667,76.24416667,76.84166667,73.2,3.185833333
78.78666667,76.21583333,76.80833333,73.54166667,3.179166667
79.455,76.11083333,76.7,73.98181818,3.170833333
77.8125,76.155,75.89166667,73.45833333,3.175833333
78.94916667,75.95583333,76.175,74,3.1625
78.31583333,75.88583333,75.46666667,73.85833333,3.160909091
78.53083333,75.6525,75.51666667,73.90833333,3.153636364
78.92833333,75.52333333,75.45833333,74.16666667,3.1475
78.56166667,75.4875,75.10833333,74.15,3.149090909
78.09416667,75.575,74.8,73.99166667,3.154166667
77.90166667,75.6125,74.68333333,73.96666667,3.156666667
77.98916667,75.66,74.78333333,74.06666667,3.155
78.3575,75.7275,74.89166667,74.35833333,3.154166667
78.6,75.7925,75.3,74.21666667,3.155833333
77.3375,75.90333333,74.95833333,73.61666667,3.169
77.79583333,75.8725,75.35,73.61666667,3.162727273
79.34583333,75.70833333,76.04166667,74.29166667,3.153333333
76.96083333,76.24166667,75.33333333,73.14545455,3.176666667
78.99583333,75.815,76.36666667,73.81666667,3.151666667
76.16333333,75.91416667,74.99166667,72.63333333,3.178181818
78.025,75.80333333,75.875,73.29166667,3.165833333
75.38333333,75.61666667,74.325,72.13636364,3.1875
76.39416667,75.5325,74.75,72.48333333,3.189166667
75.65333333,75.38166667,74.11666667,72.21666667,3.210909091
75.93166667,75.17583333,74.04166667,72.50833333,3.21
75.615,75.01,73.80833333,72.43333333,3.242727273
75.54916667,74.72333333,73.44166667,72.24166667,3.2725
76.92916667,75.19916667,74.58333333,72.95833333,3.279166667
76.05,76.03666667,74.325,73.05,3.2975
76.15416667,75.26583333,74.00833333,72.70909091,3.33
77.45083333,76.43916667,75.54166667,73.54166667,3.3275
76.7325,75.6575,74.8,72.88333333,3.358333333
76.89083333,75.53333333,74.91666667,72.65833333,3.380833333
77.37833333,76.19833333,75.625,73.325,3.383333333
78.0475,76.69833333,75.83333333,74.05,3.371666667
78.27083333,77.46083333,76.03333333,74.875,3.333333333
77.6125,76.30583333,74.475,74.60833333,3.325
78.415,76.80333333,74.78333333,75.675,3.270909091
77.59833333,76.27916667,73.7,75.35833333,3.25
77.16416667,75.73,72.975,75.075,3.230833333
78.21166667,75.97,73.60833333,75.71666667,3.1875
77.54833333,75.6375,72.94166667,75.39166667,3.165
78.12916667,75.205,72.91666667,75.49166667,3.145833333
77.0825,74.91,72.525,75.19166667,3.133333333
77.3425,74.90666667,72.36666667,75.18333333,3.140833333
78.40166667,75.08666667,73.4,75.47272727,3.1325
77.20416667,75.29,73.49166667,74.63333333,3.139166667
77.96833333,75.47833333,74.1,74.61666667,3.145833333
78.27583333,75.675,74.95833333,74.3,3.149166667
77.2775,76.0225,74.89166667,73.76666667,3.165
77.15666667,75.75416667,75.04166667,73.15,3.191666667
77.795,75.93083333,75.39166667,73.4,3.2025
78.85916667,76.54083333,76.36666667,74.18333333,3.189166667
77.78,76.355,75.65833333,73.84166667,3.195
78.10083333,76.27166667,75.65833333,73.98333333,3.189090909
78.15,76.13636364,75.20833333,74.36666667,3.183333333
78.44166667,76.02666667,74.95833333,74.61666667,3.171666667
77.78,75.835,74.40833333,74.56666667,3.170833333
78.51833333,75.82583333,74.425,74.99166667,3.159
76.7625,75.67833333,73.375,74.475,3.171666667
77.615,75.8675,73.56666667,75.175,3.160833333
76.78666667,75.69083333,72.85,74.85,3.174166667
77.52333333,75.7675,73.7,74.94166667,3.1675
77.15166667,75.68166667,73.55,74.55833333,3.171666667
78.3225,75.63083333,74.3,74.975,3.153333333
78.31416667,75.72333333,74.26666667,74.94166667,3.153333333
77.66416667,75.865,74.34166667,74.55,3.160833333
77.94833333,75.72166667,74.59166667,74.55,3.160833333
78.16833333,75.975,74.80833333,74.48333333,3.165
78.0125,75.9675,74.74166667,74.58333333,3.164166667
78.7,75.83833333,74.75,74.85833333,3.17
77.68083333,75.99083333,74.5,74.5,3.17
79.37166667,75.71916667,75.21666667,75.04166667,3.149166667
78.6425,75.51166667,74.875,74.6,3.145
78.70083333,75.34666667,74.825,74.70833333,3.135
78.195,75.38166667,74.425,74.675,3.1325
78.345,75.345,74.525,74.58333333,3.129166667
77.99833333,75.36166667,74.45,74.48333333,3.1275
78.27,75.26,74.375,74.625,3.1275
78.31,75.225,74.38333333,74.65,3.121666667
76.02416667,75.52,73.41666667,73.825,3.1425
73.93166667,76.60666667,72.7,73.15,3.1875
74.64833333,76.865,73.35,73.675,3.202727273
76.01416667,77.23416667,74,74.31666667,3.211666667
79.21,76.80333333,75.16666667,75.81666667,3.19
79.5425,76.55,75.2,75.925,3.18
80.5125,76.41416667,75.45833333,76.45833333,3.17
81.235,76.21416667,75.73333333,76.675,3.161666667
85.72666667,75.53166667,77.63333333,78.59166667,3.099090909
87.23166667,82.62416667,78.54166667,79.61666667,3.034166667
84.1325,79.56666667,76.73333333,78.09166667,3.045833333
83.7775,83.37916667,76.7,78.08333333,3.026666667
83.09166667,83.6275,76.40833333,77.975,3.015
83.1875,84.035,76.66666667,78.41666667,2.995833333
81.64,84.6875,76.20833333,78.16666667,2.981666667
80.90416667,85.23916667,75.85,78.2,2.983333333
81.60666667,85.595,76.35,78.60909091,2.968333333
80.56833333,85.86166667,76.425,78.25,2.961666667
81.18416667,86.88,77.18333333,79.18333333,2.935833333
80.77666667,87.48666667,77.3,79.375,2.929166667
81.6475,86.6325,77.575,79.44166667,2.9225
81.275,86.71833333,77.575,79.04166667,2.928333333
81.265,86.91083333,77.93333333,78.85,2.939166667
84.81666667,87.71545455,80.56666667,80.95833333,2.8925
82.14583333,86.95833333,79.025,79.44166667,2.92
82.57833333,86.14,78.80833333,78.9,2.9375
82.3075,86.7375,78.74166667,78.84166667,2.956666667
81.30833333,85.585,77.55833333,77.76666667,2.986666667
83.61333333,87.17166667,79.58333333,79.55833333,2.956666667
83.18416667,87.22916667,79.44166667,79.14166667,2.95
81.92,86.26666667,78.23333333,77.66666667,2.971818182
83.08416667,86.49083333,78.76666667,78.81666667,2.955
80.38,85.47083333,76.50833333,76.65,2.998333333
82.54166667,85.8825,77.8,77.9,2.98
85.42416667,87.61416667,80.24166667,80.325,2.928333333
84.4975,88.20916667,80.15833333,80.94166667,2.895833333
80.30833333,89.22416667,78.55,79.45,2.905
82.435,87.45666667,78.61666667,79.36666667,2.914166667
78.93666667,88.715,77.2,78.03333333,2.948333333
78.67,89.07333333,77.36666667,78.24166667,2.954166667
81.76083333,90.27833333,79.65833333,79.975,2.941666667
79.72833333,89.23583333,78.25,78.38333333,2.976666667
80.91166667,91.44916667,80.33333333,79.875,2.945833333
78.87833333,89.42916667,78.18333333,77.25,3.008333333
82.68166667,91.18166667,81.28333333,80.1,2.961666667
81.8525,91.19416667,80.90833333,79.58333333,2.968333333
80.96416667,93.10916667,81.48333333,80.10833333,2.948333333
81.19666667,92.5375,81.3,79.96666667,2.943333333
77.36583333,91.72,79.04166667,77.68333333,2.9725
77.5225,91.795,78.5,77.80833333,2.990909091
76.7075,91.3975,77.65833333,77.075,3.015
81.13,96.23,82.2,81.9,2.929166667
80.80416667,96.56583333,82.50833333,82.375,2.883333333
80.44833333,96.72333333,82.35,82.56666667,2.859166667
78.07,95.215,80.29166667,80.65833333,2.885833333
79.31333333,96.02333333,81.59166667,81.61666667,2.865
77.295,95.0675,79.99166667,80.16666667,2.894166667
78.45666667,95.235,80.65,80.69166667,2.89
78.975,95.89583333,81.55,81.48333333,2.870833333
78.03666667,95.52833333,80.41666667,81.21666667,2.875
78.58166667,95.53166667,80.64166667,81.93333333,2.863333333
77.4275,94.9025,79.43333333,80.93333333,2.880833333
78.44083333,94.6825,79.71666667,81.29166667,2.884166667
80.05916667,96.2575,81.48333333,83.45,2.830833333
77.27,95.15,79.00833333,81.7,2.86
77.675,95.29166667,79.39166667,82.44166667,2.841666667
76.79333333,94.97166667,78.40833333,81.63636364,2.856666667
78.43,95.3225,79.69166667,82.43333333,2.840833333
78.7075,96.48916667,81.00833333,83.08333333,2.798333333
77.615,96.00416667,80.60833333,82.05833333,2.7975
76.15333333,96.01583333,80.24166667,80.88333333,2.811666667
77.43,96.87,81.65833333,81.71666667,2.794166667
76.90833333,96.8225,81.4,81.06666667,2.803333333
75.6725,95.285,80.00833333,79.44166667,2.8475
79.20916667,96.0175,82.46666667,81.08333333,2.840833333
78.29666667,95.53583333,82.06666667,80.26666667,2.853333333
79.66916667,95.56333333,83.13333333,80.375,2.859166667
78.925,94.97083333,82.73333333,79.475,2.884166667
78.98,94.43083333,82.28333333,78.95833333,2.9225
80.325,95.04583333,83.23333333,79.94166667,2.902727273
79.89916667,94.83,81.96666667,80.1,2.911666667
79.5425,94.97166667,81.55833333,81.03333333,2.880833333
78.7625,94.11416667,80.61666667,80.14166667,2.904166667
78.64,93.91666667,80.69166667,79.74166667,2.91
81.41166667,94.80166667,82.55833333,81.125,2.896666667
79.40333333,95.125,81.99166667,80.175,2.895
79.525,94.60083333,81.96666667,79.86666667,2.904545455
76.01166667,92.86,78.975,76.99166667,2.975833333
80.27083333,93.94666667,81.325,79.50833333,2.965
79.61583333,94.035,80.875,79.36,2.962727273
79.0075,93.75916667,79.78333333,79.725,2.966363636
79.97666667,94.44916667,79.91666667,81.425,2.930833333
77.3875,93.39363636,77.61666667,80.04166667,2.955
76.04333333,92.88833333,77.13333333,79.45833333,2.956666667
81.56333333,94.03083333,80.55,82.175,2.9025
83.1275,95.88583333,83.20833333,84.00833333,2.838333333
82.06416667,95.3325,82.98333333,83.45,2.801666667
78.5075,93.98,80.8,80.74166667,2.8275
79.4525,94.12416667,81.60833333,81.1,2.82
78.31583333,93.82666667,80.925,80.26666667,2.826666667
78.33833333,93.3425,80.75833333,79.94166667,2.83
78.555,93.6375,81.01666667,80.43333333,2.828333333
80.38833333,94.37666667,81.90833333,81.95833333,2.809166667
80.29916667,95.42,82.39166667,82.84166667,2.775833333
79.56916667,95.16583333,81.5,82.54166667,2.778333333
78.235,94.52166667,80.50833333,82.08333333,2.779166667
79.53583333,95.36,81.20833333,83.3,2.761818182
77.68583333,95.51666667,80.15,82.75833333,2.765
77.16833333,95.2075,79.5,82.525,2.769166667
76.60666667,95.01,78.725,82.10833333,2.789166667
77.80166667,96.12166667,80.075,83.7,2.751666667
75.91583333,94.90416667,78.45,81.81666667,2.783333333
78.66083333,95.35583333,80.275,83.19166667,2.76
78.20666667,95.23916667,80.18333333,82.90833333,2.7625
79.49916667,96.155,81.49090909,83.90909091,2.741666667
80.0975,96.22,82.31666667,84.30833333,2.73
78.40666667,95.7475,81.18333333,82.66666667,2.76
78.35916667,95.07166667,80.825,82.20833333,2.783636364
79.0625,95.35818182,81.14166667,82.30833333,2.796666667
80.22416667,95.73833333,82.21666667,82.95,2.785454545
79.50583333,95.5025,82.21666667,82.19166667,2.7925
79.74416667,95.90166667,82.8,82.26666667,2.780909091
78.22,96.20166667,82.18333333,81.03333333,2.799166667
79.12833333,96.485,83.39166667,81.48333333,2.7825
78.30916667,96.33666667,83.38333333,80.625,2.785833333
76.50166667,95.08416667,82.18333333,78.90833333,2.810833333
77.91583333,96.33333333,83.575,79.76666667,2.800833333
78.14583333,96.08333333,83.825,79.90833333,2.791818182
76.5375,95.18166667,82.29166667,78.55833333,2.821666667
78.59333333,96.81416667,84.05833333,80.59166667,2.7875
76.87333333,96.00416667,82.5,79.40833333,2.8175
78.07083333,96.175,82.925,80.33333333,2.805833333
78.20666667,96.42083333,82.93333333,80.63333333,2.804166667
77.57166667,96.0925,82.36666667,80.54166667,2.805833333
79.26083333,96.26083333,83.075,81.675,2.794166667
77.49166667,96.51583333,82.1,81.1,2.798181818
76.735,95.51583333,80.94166667,80.175,2.823636364
78.91333333,97.0325,82.81666667,82.25833333,2.79
76.79833333,95.785,80.7,80.7,2.818333333
79.4375,96.46916667,82.30833333,82.74166667,2.783333333
79.8975,96.74916667,82.35,83.58333333,2.759166667
77.95416667,96.95333333,81.5,83.025,2.7525
77.71583333,96.0725,80.425,82.57272727,2.763333333
78.32833333,97.57333333,81.54166667,84,2.719166667
78.34166667,93.85083333,79.53333333,82.69166667,2.7375
79.05083333,92.505,79.175,82.24166667,2.756
78.16666667,90.56916667,77.89166667,80.35,2.798181818
80.3975,91.615,79.76666667,81.8,2.788333333
75.245,90.68166667,76.53333333,78.325,2.864545455
71.17833333,90.78,73.84166667,75.34166667,2.972727273
69.82583333,92.71,74.2,74.98333333,3.0275
76.12333333,92.3,77.35,77.28333333,3.025454545
80.55666667,92.82833333,80.4,79.74166667,2.97
79.70916667,93.81416667,80.6,79.83333333,2.954166667
79.8325,93.12181818,80.4,79.81666667,2.941
79.84666667,93.575,80.60833333,80.21666667,2.923333333
80.06166667,94.70333333,81.41666667,80.9,2.895833333
80.01666667,96.54416667,82.40833333,82.375,2.841666667
79.48,96.3425,82.25,82.34166667,2.806666667
79.8325,96.89916667,82.65,83.13333333,2.774166667
79.08083333,96.95833333,82.4,83.2,2.750833333
79.365,96.76916667,82.55833333,83.18333333,2.732727273
78.95583333,96.98666667,82.375,83.29166667,2.725833333
77.9875,97.30083333,81.91666667,82.90833333,2.725
77.8025,96.6425,81.55833333,82.425,2.7325
78.30166667,95.67833333,81.51666667,82.13333333,2.751666667
77.72416667,93.60083333,80.20833333,80.40833333,2.795
78.67,93.38083333,80.59166667,80.65833333,2.815
78.36166667,94.06166667,80.64166667,80.425,2.841666667
79.70166667,94.16916667,81.35833333,81.10833333,2.839166667
81.36,95.26916667,82.975,82.48333333,2.814166667
81.68,96.05333333,83.66666667,83.41666667,2.781666667
81.535,95.85083333,83.375,83.55,2.77
81.295,95.265,83.15,83.325,2.7575
80.5525,93.935,82.24166667,82.41666667,2.759166667
80.87083333,93.8925,82.05,82.65,2.754166667
80.46,92.81333333,81.28333333,82.14166667,2.758333333
80.40166667,92.61333333,80.925,82,2.759166667
80.105,91.68333333,80.38333333,81.65833333,2.7625
79.81583333,94.32833333,81.41666667,82.45833333,2.743333333
80.15666667,95.98818182,82.23333333,84.03333333,2.710833333
78.0075,95.86916667,80.91666667,82.99166667,2.721666667
78.68916667,94.29166667,80.675,82.50833333,2.73
78.22,90.815,78.63333333,80.76666667,2.766666667
78.715,89.94666667,78.29166667,80.33333333,2.8
79.9875,90.29083333,78.875,81.01666667,2.811666667
79.59083333,90.24583333,78.75833333,80.30833333,2.8425
79.83333333,89.24833333,78.325,79.75,2.870833333
80.30166667,90.085,79.04166667,79.85,2.886666667
81.235,90.43916667,79.91666667,80.35833333,2.885
81.675,90.1775,80.1,81.1,2.883333333
81.025,90.49416667,80.2,80.88333333,2.88
81.9825,90.67,80.95,81.41818182,2.859166667
80.90916667,89.8075,79.775,80.43333333,2.876666667
81.03,88.94333333,79.275,80.125,2.886666667
80.95166667,90.26333333,79.675,80.75833333,2.874166667
81.48833333,89.76416667,79.69166667,81.13333333,2.863333333
81.09333333,89.10083333,78.80833333,80.875,2.870833333
80.6475,89.02583333,78.75,80.63333333,2.87
81.36,88.4825,78.26666667,80.76363636,2.88
81.72333333,89.84166667,79.25833333,82.00833333,2.855
82.50916667,90.56416667,79.96666667,82.90833333,2.8375
81.57166667,89.83,78.99166667,82.30833333,2.843333333
81.71666667,90.9325,79.68333333,83.05833333,2.824166667
81.80916667,89.77416667,79.11666667,82.625,2.825
81.6,88.96833333,78.79166667,82.225,2.833
80.94166667,87.63083333,77.65833333,80.9,2.864166667
81.56416667,88.4425,78.35,81.575,2.858333333
81.60583333,89.42416667,78.9,82.025,2.85
81.97416667,88.54666667,78.44166667,81.85833333,2.853333333
81.39416667,88.26333333,77.91666667,81.66666667,2.855
81.55583333,87.2725,77.375,81.28333333,2.870833333
81.58666667,89.33333333,78.24166667,82.51666667,2.840833333
80.8725,88.98666667,77.49166667,82.34166667,2.834545455
81.42333333,89.59666667,78,83.125,2.815
81.11333333,89.15583333,77.93333333,82.93636364,2.804166667
81.5975,89.68333333,78.75,83,2.801666667
80.815,89.25666667,78.4,82.19166667,2.814166667
81.26166667,88.72833333,78.525,81.675,2.8375
81.31916667,88.29833333,78.725,80.625,2.865833333
81.495,91.64,80.85833333,81.875,2.849166667
81.3025,90.71166667,80.71666667,80.775,2.866666667
80.83166667,91.24333333,81.41666667,80.1,2.871666667
77.20416667,90.66416667,79.075,77.58333333,2.94
74.4,91.4425,77.575,76.18333333,2.998333333
73.635,89.58416667,75.71666667,74.55833333,3.069166667
74.91333333,87.70166667,76.3,75.375,3.093333333
73.95916667,79.78916667,74.7,74.64166667,3.138333333
74.84583333,80.12833333,74.96666667,76.21666667,3.149166667
78.13416667,83.31583333,75.85,78.05833333,3.134545455
83.05,90.98083333,78.85833333,81.45833333,3.056
83.1625,90.41,78.80833333,82.34166667,2.99
82.91666667,90.70454545,78.63333333,83.48333333,2.9225
81.67166667,90.835,78.125,84.25,2.866363636
81.25583333,90.915,77.9,84.81666667,2.8075
80.32333333,90.31583333,77.25833333,84.9,2.770833333
80.0125,90.20666667,76.975,85.225,2.736666667
77.43916667,88.66833333,75.28333333,82.84166667,2.755833333
73.11166667,87.86666667,73.225,78.83333333,2.8425
74.02416667,87.99166667,74.31666667,77.65,2.900833333
74.02583333,89.67333333,75.5,77.50833333,2.9425
77.78833333,90.65166667,78.25833333,79.025,2.9425
77.91583333,89.74,78.1,78.3,2.964166667
79.015,90.89833333,79.34166667,79.30833333,2.96
77.16916667,88.395,76.80833333,77.18333333,3.014166667
79.43666667,91.67416667,79.2,79.58333333,2.989166667
78.45583333,91.98583333,79.025,79.40833333,2.984166667
79.16833333,92.49416667,79.775,79.76363636,2.966666667
78.56583333,90.7325,78.4,78.70833333,2.979166667
80.0975,90.28833333,79.19166667,79.25,2.9725
80.94833333,91.65083333,80.66666667,80.49166667,2.927272727
80.04083333,90.73166667,79.59166667,79.85,2.925833333
80.30333333,91.4425,80.18333333,80.62727273,2.894166667
80.7775,92.70272727,80.86666667,81.50909091,2.864166667
80.38583333,92.09166667,80.5,81.56,2.841666667
80.09583333,92.66416667,80.60833333,81.84166667,2.824166667
79.72416667,92.385,80.18333333,81.74166667,2.819166667
79.45583333,91.4475,79.55833333,81.24166667,2.823636364
79.76333333,92.07833333,80.29166667,81.65,2.811666667
80.0375,92.40666667,80.40833333,81.96666667,2.814166667
79.87166667,92.86166667,80.85833333,82,2.801666667
79.86083333,92.0825,80.59166667,81.575,2.814545455
80.33,94.07833333,82,82.73333333,2.785833333
79.96333333,92.76083333,81.3,81.89166667,2.799166667
79.90166667,91.985,81.00833333,81.15833333,2.811666667
80.435,93.58666667,82.19166667,82.26666667,2.791666667
79.7225,91.80666667,80.98333333,80.925,2.810833333
80.21583333,93.18666667,82.06666667,81.75833333,2.79
79.66333333,91.70916667,81.30833333,80.59166667,2.811666667
80.73916667,93.295,82.96666667,81.525,2.790833333
79.76833333,92.33,81.79166667,80.63333333,2.805833333
80.74833333,93.16666667,82.7,81.75833333,2.787272727
79.65583333,92.08083333,81.81666667,80.475,2.798333333
79.98083333,92.0675,81.875,80.55,2.8025
80.05833333,93.41833333,82.50833333,81.36666667,2.7875
79.45416667,91.62916667,81.23333333,80.46666667,2.801666667
79.76666667,92.4725,81.675,80.74166667,2.799166667
79.60166667,92.31583333,81.56666667,80.85,2.8
79.8275,93.27333333,82.05,81.4,2.788333333
79.52,91.70583333,81.04166667,80.5,2.8075
79.68083333,93.405,82.25833333,81.475,2.792727273
78.99083333,92.8475,81.55833333,80.8,2.803333333
79.18833333,92.9225,81.40833333,81.06666667,2.8
79.385,92.7,81.59166667,81.2,2.794166667
79.18416667,93.285,81.73333333,81.525,2.781666667
79.34666667,93.44666667,81.61666667,81.98333333,2.771666667
78.95166667,92.43583333,80.99166667,81.525,2.765
78.81166667,92.18416667,80.60833333,81.4,2.771666667
79.5475,93.63666667,81.61666667,82.59166667,2.745
78.93916667,94.17083333,81.825,82.51666667,2.73
78.92916667,94.09916667,81.90833333,82.74166667,2.7175
78.57583333,88.90583333,78.875,79.91666667,2.78
78.655,88.37666667,78.4,79.675,2.800833333
78.71166667,89.32,78.85,80.1,2.816666667
78.9425,89.69333333,79.20833333,80.13333333,2.8275
78.82333333,89.1125,78.39166667,79.83333333,2.8575
78.9925,89.46166667,78.5,79.84166667,2.866666667
79.30916667,89.3325,78.83333333,79.58181818,2.876666667
79.73166667,90.54166667,79.71666667,80.39166667,2.8625
79.3075,90.36583333,79.65833333,80.075,2.865
79.92166667,89.40666667,79.29166667,79.9,2.875454545
79.42916667,89.495,79.00833333,79.56666667,2.881818182
79.54333333,89.69583333,79.13333333,79.75833333,2.875833333
79.90916667,90.2575,79.56666667,80.39166667,2.865833333
79.30083333,89.235,78.59166667,79.825,2.876666667
79.37833333,88.51083333,77.83333333,79.7,2.89
80.16,90.83416667,79.15,81.23333333,2.866666667
79.18416667,90.58666667,78.45,80.95833333,2.865833333
79.42416667,89.15,77.36666667,80.425,2.885
80.06833333,90.70333333,78.54166667,81.74166667,2.865
79.5225,90.49583333,78.325,81.30833333,2.866666667
79.75666667,90.68416667,78.85833333,81.39166667,2.860833333
79.64666667,90.65666667,78.79166667,81.18333333,2.86
79.3375,89.15916667,78.3,79.84166667,2.878333333
79.55916667,90.36666667,79.05833333,80.575,2.8675
79.77333333,89.57833333,78.79166667,80.18333333,2.878181818
79.25833333,90.42333333,78.88333333,80.30833333,2.876666667
79.075,88.61,77.61666667,79.475,2.9
79.54416667,89.435,78.08333333,80.225,2.900833333
79.4225,88.86416667,77.525,80.175,2.9025
80.26333333,89.11416667,78.21666667,80.575,2.895833333
79.6325,90.74416667,78.60833333,80.98333333,2.881666667
79.02916667,89.85333333,77.76666667,80.4,2.8925
79.88166667,91.47272727,78.76666667,81.7,2.873333333
79.05583333,90.94916667,78.28333333,81.33333333,2.873333333
79.55916667,92.06333333,79.09166667,81.98333333,2.855833333
79.325,91.10333333,78.7,81.28333333,2.861666667
79.24333333,93.14,79.9,82.175,2.83
78.55416667,95.3075,80.75,82.85833333,2.800909091
78.43083333,95.26583333,81.01666667,82.875,2.7825
78.61666667,96.09,81.85833333,83.375,2.755
78.62333333,95.1975,81.70833333,83.09166667,2.744545455
78.92333333,94.40333333,81.525,82.60833333,2.753333333
78.71666667,95.0325,82.05,82.86666667,2.74
78.79666667,94.14083333,81.70833333,82.175,2.751666667
79.15083333,94.64916667,81.98333333,82.85,2.7475
78.8225,94.00583333,81.46666667,82.325,2.760833333
79.3525,95.83666667,82.43333333,83.675,2.743333333
79.00916667,94.17583333,81.4,82.88333333,2.754166667
79.83416667,93.04416667,81.2,82.6,2.77
79.39666667,93.48,81.26666667,82.45,2.775
79.8625,93.23416667,81.50833333,82.33333333,2.78
79.35583333,90.58083333,79.89166667,80.59166667,2.8175
80.07833333,91.56666667,80.81666667,81.20833333,2.82
79.61333333,91.45416667,80.375,80.68333333,2.830833333
80.22833333,91.83666667,80.86666667,81.06666667,2.826666667
79.63,90.84,80.26666667,80.5,2.841666667
79.855,91.2625,80.28333333,80.625,2.839090909
79.91416667,91.3875,80.225,80.90833333,2.844166667
80.01166667,91.5225,80.1,81.23333333,2.8425
79.98333333,92.33416667,80.35,81.80833333,2.8375
80.22083333,92.1725,80.40833333,81.925,2.835
80.03666667,92.6725,80.525,82.35833333,2.825833333
80.35833333,92.2425,80.39166667,82.22727273,2.8225
80.3575,93.72166667,81.375,82.975,2.801666667
80.35416667,93.78083333,81.59166667,83,2.789166667
79.84083333,92.75666667,81.05,82.06666667,2.795454545
80.16583333,93.17333333,81.65,82.43333333,2.785833333
79.8275,92.48583333,81.125,81.79166667,2.793333333
80.15916667,92.50583333,81.35,81.76666667,2.7925
79.93916667,91.97083333,80.84166667,81.80833333,2.790833333
80.12916667,91.71,80.525,81.78333333,2.795
79.69833333,91.8875,80.5,81.89166667,2.795
80.12916667,92.06416667,80.46666667,82.2,2.7975
80.41,92.24363636,80.49166667,82.575,2.794166667
80.34666667,92.3325,80.60833333,82.625,2.788333333
80.615,92.69583333,80.93333333,82.96666667,2.7825
80.57,94.00333333,81.9,83.43333333,2.765833333
79.81666667,94.615,81.875,83.325,2.757272727
79.91666667,95.16416667,82.46666667,83.66666667,2.7425
79.62,93.42,81.78333333,82.5,2.752727273
79.99666667,92.91666667,81.88333333,82.14166667,2.758333333
80.16833333,92.90333333,82.28333333,82.03333333,2.755454545
79.67833333,93.21583333,82.13333333,82.08333333,2.746666667
79.6375,92.6625,81.95,81.89166667,2.744166667
79.76583333,92.51416667,81.5,82.175,2.744166667
80.02,92.60083333,81.48333333,82.65,2.736363636
79.77166667,93.82583333,81.83333333,83.19166667,2.722727273
78.96583333,93.19416667,80.775,82.51666667,2.740833333
81.33083333,93.51,82.46666667,84.13333333,2.709166667
80.9675,94.69166667,83.175,84.70833333,2.680833333
80.50083333,92.735,82.01666667,83.39166667,2.700833333
80.94083333,90.66833333,81.35,82.55,2.7175
81.03333333,90.95,81.55,82.46666667,2.725833333
81.42666667,90.23583333,81.84166667,82.1,2.733333333
81.195,89.12333333,80.925,81.175,2.7575
81.82333333,90.00083333,81.675,81.64166667,2.761666667
81.93083333,88.76833333,81.31666667,81.225,2.770833333
81.53416667,88.48916667,80.975,80.24166667,2.798333333
82.6425,88.8175,81.71666667,80.7,2.803636364
83.20583333,89.8,82.75,81.46666667,2.7875
83.36666667,88.83416667,82.05833333,81.225,2.800833333
83.59,89.10833333,81.86666667,81.55833333,2.8075
83.58,89.8775,82.075,82.175,2.8075
83.84416667,88.6325,81.20833333,81.7,2.826666667
83.99166667,89.575,81.84166667,82.13333333,2.823333333
84.41,88.675,81.34166667,82.075,2.835833333
84.66666667,88.50916667,81.14166667,82.2,2.8425
84.62583333,89.02166667,81.325,82.425,2.835833333
84.53166667,88.19083333,80.76666667,82.34166667,2.838333333
84.55416667,88.55333333,80.55,82.69166667,2.836666667
84.68666667,87.76916667,80.3,82.4,2.844166667
84.51916667,89.1025,80.79166667,82.86666667,2.835833333
84.70916667,88.43454545,80.50833333,82.75,2.840833333
84.9325,88.545,80.43333333,82.70833333,2.85
84.985,89.035,80.68333333,83.03333333,2.850833333
85.24666667,87.84,79.90833333,82.73333333,2.864545455
85.715,87.70916667,79.66666667,83.05,2.87
86.34083333,88.275,80.30833333,83.89166667,2.860833333
85.65666667,87.38333333,79.40833333,83.36666667,2.870833333
85.92833333,87.44583333,79.15833333,83.49166667,2.876666667
85.9625,88.35,79.65833333,84.26666667,2.865833333
85.77583333,87.34666667,78.875,83.70833333,2.877272727
86.07166667,87.68166667,79.20833333,83.925,2.874166667
85.8825,87.03083333,78.8,83.34166667,2.88
86.13583333,87.725,79.20833333,83.91666667,2.874166667
87.3825,87.57916667,79.98333333,84.65,2.8525
87.47583333,86.90545455,79.80833333,84.28333333,2.850833333
87.53416667,86.46333333,79.73333333,84.09166667,2.849166667
88.2175,87.12416667,80.20833333,84.66666667,2.8525
87.58916667,86.51416667,79.54166667,84.20833333,2.866666667
88.02,87.32166667,79.99166667,84.44166667,2.871666667
87.86833333,85.9575,79.175,83.71666667,2.893333333
87.92583333,86.07416667,78.925,83.875,2.9125
88.0825,86.445,79.25833333,83.875,2.92
88.19666667,87.86,80.23333333,84.53333333,2.915833333
88.24666667,87.93916667,80.51666667,84.55,2.908333333
88.36833333,88.78333333,80.86666667,84.99166667,2.9
87.94416667,88.50333333,80.88333333,84.71666667,2.890909091
87.535,88.62,80.98333333,84.525,2.882727273
87.82916667,90.99166667,82.39166667,85.73333333,2.849166667
87.48333333,90.23083333,82.13333333,85.34166667,2.835
87.52416667,90.46083333,81.925,85.775,2.8175
87.53,91.12083333,82.49166667,86.59166667,2.784166667
87.09916667,89.78833333,81.39166667,85.74545455,2.786666667
86.76416667,89.23916667,80.68333333,85.675,2.795
87.07416667,90.46333333,81.30833333,86.35,2.7875
86.75583333,90.28583333,80.825,86.38333333,2.7875
87.11583333,90.29166667,81.00833333,86.74166667,2.779166667
86.64083333,88.22583333,79.725,85.63333333,2.803333333
87.16166667,89.64,80.66666667,86.53333333,2.796666667
87.34666667,88.60833333,80.43333333,85.925,2.8075
85.7125,88.05833333,79.55833333,84.39166667,2.84
84.1525,88.365,78.9,83.36666667,2.873333333
81.25333333,88.14333333,76.91666667,81.325,2.936666667
82.09416667,88.075,77.01666667,81.275,2.97
82.0475,89.13416667,77.6,81.56666667,2.985833333
81.59416667,88.40416667,76.84166667,80.69166667,3.014166667
82.13666667,88.48916667,77.04166667,80.75,3.0275
82.25166667,88.6425,77.03333333,81.00833333,3.029166667
81.99416667,88.92083333,77.025,80.825,3.030833333
81.8925,88.67416667,76.74166667,80.85833333,3.03
82.29666667,88.4,76.74166667,81.075,3.02
82.71,90.41083333,78.325,82.4,2.981666667
81.65416667,89.58083333,77.30833333,81.90833333,2.981666667
82.11333333,89.59333333,77.29166667,82.13333333,2.965
82.31166667,89.53916667,77.525,82.325,2.963636364
82.38083333,90.28,78.15,82.70833333,2.943333333
82.06916667,90.0575,77.975,82.55,2.938333333
82.025,88.34083333,77.10833333,81.81666667,2.959166667
82.23083333,89.9025,77.825,82.35,2.955
82.7775,90.34833333,78.51666667,82.88333333,2.941666667
82.51416667,90.10666667,78.56666667,82.56666667,2.953333333
82.78,89.205,77.78333333,81.98181818,2.970909091
82.55,91.68916667,79.28333333,83.09166667,2.9475
82.82583333,90.24333333,78.925,82.27272727,2.953333333
82.69833333,89.56,78.54166667,81.94166667,2.9675
83.14416667,90.76833333,79.61666667,82.475,2.950909091
82.9325,90.90416667,79.48333333,82.41666667,2.949166667
83.4875,91.16083333,79.89166667,82.94166667,2.935
82.7575,91.04416667,79.64166667,82.76666667,2.925
82.95416667,90.94416667,79.38333333,82.93333333,2.92
82.98916667,90.94,79.26666667,83.15833333,2.910909091
83.4025,92.09583333,79.86666667,84.01666667,2.9
82.9375,92.12083333,79.50833333,83.98333333,2.895833333
82.90833333,91.73916667,79.3,84.10833333,2.893636364
83.175,92.3,79.7,84.5,2.888333333
83.01583333,91.72833333,79.30833333,84.19166667,2.888333333
82.79916667,91.26416667,79.25,83.675,2.8975
82.94833333,90.72833333,78.93333333,83.39166667,2.910833333
83.06,91.0625,79.23333333,83.15,2.92
83.6275,91.65166667,80.14166667,83.575,2.912727273
83.08166667,92.3525,80.5,83.71666667,2.898181818
83.1275,91.32666667,80.175,82.91818182,2.910833333
85.45166667,92.09583333,82.2,84.36666667,2.874166667
85.0375,93.05545455,82.375,84.83636364,2.8575
84.87333333,92.38166667,81.94166667,84.625,2.844545455
84.54833333,92.5125,81.88333333,84.65833333,2.834166667
84.7425,90.65727273,80.94166667,84.13333333,2.845833333
84.8375,91.21333333,80.90833333,84.54166667,2.846666667
84.69916667,91.10545455,80.81666667,84.66363636,2.841666667
84.8425,90.60583333,80.2,84.66363636,2.849166667
85.2475,88.2475,79.2,83.79166667,2.863333333
85.8875,86.70166667,78.60833333,83.10833333,2.895833333
85.41333333,86.3275,78.14166667,82.525,2.920833333
85.21416667,87.09416667,78.40833333,82.56363636,2.940833333
84.06666667,87.30083333,77.93333333,81.325,2.973333333
84.63833333,92.83666667,81.5,84.14166667,2.923333333
84.17916667,92.345,81.2,83.575,2.919090909
84.7025,93.51666667,82.5,84.375,2.894166667
84.03083333,92.055,81.4,83.19166667,2.912727273
84.27166667,92.54833333,81.85833333,83.7,2.899090909
82.165,90.91416667,79.88333333,81.71666667,2.940909091
82.06,91.13083333,79.75833333,81.45,2.959166667
83.59666667,91.38166667,80.60833333,82.225,2.953333333
83.57833333,90.69583333,79.95833333,82.00833333,2.961666667
83.60166667,90.64916667,79.63333333,82.1,2.973333333
84.08166667,92.13666667,80.79166667,83.31666667,2.945
83.42,90.83166667,79.49166667,82.33333333,2.968181818
83.54,91.25583333,80.09166667,82.84166667,2.955
83.33083333,90.645,79.675,82.09166667,2.964166667
83.82083333,91.25083333,80.00833333,82.725,2.96
83.29333333,90.59666667,79.48333333,82.40833333,2.959166667
83.25333333,90.38833333,79.21666667,82.03333333,2.969166667
83.5225,91.085,79.825,82.74166667,2.951666667
82.61166667,89.625,78.60833333,81.7,2.969166667
83.625,91.03666667,79.65,82.83333333,2.958333333
82.55666667,89.45833333,78.26666667,81.76666667,2.973333333
83.14666667,90.24583333,78.675,82.25,2.97
83.5375,90.8975,78.975,83.18333333,2.958333333
82.48,89.35166667,77.65833333,82.025,2.975
83.23083333,90.2875,78.425,82.86666667,2.970833333
82.6575,89.47916667,77.71666667,82.33636364,2.975833333
83.195,90.49166667,78.11666667,83.225,2.9675
82.8925,89.32,77.35833333,82.36666667,2.9875
83.11833333,90.56166667,78.29166667,83.03333333,2.974166667
82.41416667,89.22916667,77.2,81.83333333,2.996666667
83.01,89.85,77.81666667,82.09166667,3.004166667
83.13416667,89.75083333,78.15833333,81.83333333,3.005833333
82.49,88.60416667,77.18333333,80.975,3.034166667
83.66833333,89.58416667,78.175,81.81666667,3.0325
82.25416667,88.225,76.60833333,80,3.075
83.10416667,89.05916667,77.65833333,80.50833333,3.081666667
82.66833333,83.12416667,76.95,79.85833333,3.1125
82.62,81.58,76.8,79.64166667,3.1375
82.99416667,77.8525,76.69166667,79.85833333,3.1625
82.8925,78.3025,76.64166667,79.98333333,3.180833333
83.31666667,78.68416667,77.20833333,80.28333333,3.185833333
82.66083333,77.89333333,76.4,79.49166667,3.2275
83.65666667,78.7825,77.625,80.325,3.223333333
82.7875,77.88333333,77.06666667,79.44166667,3.2475
83.6175,78.70916667,77.64166667,80.175,3.243333333
83.8275,78.18083333,77.9,79.56666667,3.253333333
83.36333333,78.2375,77.66666667,79.39166667,3.2575
83.98583333,78.70666667,78.44166667,79.925,3.240833333
83.3775,78.15416667,78.06666667,79.08333333,3.2475
84.08166667,78.62333333,78.5,79.61666667,3.2375
83.8275,78.12583333,78.35,79.33333333,3.221666667
83.00166667,77.75833333,77.54166667,78.78333333,3.240909091
83.45083333,78.05416667,77.925,79.14166667,3.235833333
83.7225,78.37333333,78.18333333,79.575,3.221666667
83.14583333,77.7325,77.9,78.725,3.231666667
84.0325,78.59833333,78.80833333,79.46666667,3.21
83.165,78.3225,78.26666667,78.80833333,3.230833333
84.06083333,78.52666667,78.90833333,79.36666667,3.225833333
83.0225,78.54083333,78.325,78.875,3.245833333
83.17666667,78.46416667,78.4,78.79166667,3.2575
84.80833333,79.04,79.59166667,79.94166667,3.233333333
82.725,78.44083333,78.30833333,78.7,3.26
84.33,79.285,79.45,79.84166667,3.2425
83.72833333,78.39916667,78.7,79.26666667,3.246666667
84.79,79.05833333,79.30833333,79.95,3.238333333
85.05416667,79.43333333,79.5,80.43333333,3.205833333
84.82083333,79.20083333,78.875,80.59166667,3.198333333
84.9475,78.9425,78.30833333,80.89166667,3.18
85.30583333,78.96833333,78.59166667,81.25,3.150909091
84.71666667,80.61333333,78.84166667,81.96666667,3.1075
84.91083333,86.54,78.86666667,82.525,3.076666667
84.3125,88.16666667,78.44166667,81.90833333,3.0625
84.26583333,88.78833333,78.55,81.9,3.045
84.3075,89.26916667,79.11666667,82.10833333,3.021666667
84.19083333,89.33333333,79.28333333,82.00833333,3.005
84.19416667,90.25083333,80.075,82.49166667,2.9825
83.66833333,88.81083333,79.11666667,81.6,2.995833333
83.77833333,89.1,79.3,81.81666667,2.993636364
84.28916667,90.19583333,79.89166667,82.93333333,2.975833333
83.57416667,88.5475,78.78333333,81.88333333,2.990833333
84.1025,90.095,79.775,82.83333333,2.9775
83.1925,87.71916667,77.99166667,81.5,3.005833333
83.845,87.91333333,77.875,81.825,3.015
83.85583333,87.98583333,78.26666667,81.725,3.021666667
83.61333333,79.08583333,78.23333333,80.81666667,3.048181818
83.6,81.96416667,79.25833333,80.95833333,3.0475
84.10916667,81.96833333,79.68333333,80.90833333,3.049166667
83.95083333,79.07666667,79.10833333,80.14166667,3.066666667
83.80833333,78.83666667,78.9,80,3.085833333
83.96416667,77.5075,79.11666667,79.94166667,3.085
83.59083333,77.46166667,78.16666667,79.30833333,3.111666667
82.8175,76.7725,77.15833333,78.4,3.1375
84.3075,76.66166667,77.68333333,79.125,3.133333333
81.97166667,77.56333333,76.79166667,78.51666667,3.160833333
82.53333333,76.63083333,76.45,78.63333333,3.181666667
81.01416667,77.29333333,75.925,78.23333333,3.214166667
81.86916667,77.6275,76.35,78.8,3.229166667
80.925,78.00666667,76.21666667,78.58333333,3.251666667
81.8925,78.28,76.63333333,79.15833333,3.265
81.085,78.75833333,76.43333333,78.99166667,3.283636364
81.83916667,78.775,76.94166667,79.26666667,3.2875
82.20166667,78.92,77.36666667,79.325,3.285454545
81.85416667,79.03,77.41666667,78.98333333,3.283333333
81.56166667,79,77.24166667,79.01666667,3.2825
81.72083333,78.97083333,77.49166667,78.76666667,3.2775
82.90833333,78.46166667,77.75833333,79.04166667,3.250833333
83.795,78.2175,77.95833333,79.39166667,3.229166667
84.9975,78.955,79.29166667,80.30833333,3.1625
85.59166667,78.87083333,79.69166667,81.13333333,3.110833333
83.65333333,78.28916667,78.56666667,80.31666667,3.088333333
83.38916667,77.1775,78.00833333,79.975,3.073333333
83.5525,82.6725,79.10833333,80.91666667,3.0375
83.57666667,86.31,78.88333333,80.54166667,3.013333333
82.88166667,82.29166667,78.40833333,80.38333333,3.016666667
83.37583333,88.04166667,79.39166667,80.83333333,2.995
82.0825,76.745,78.21666667,78.55,3.030909091
82.90333333,79.02416667,79.88333333,79.13333333,3.018333333
83.53333333,78.62916667,80.30833333,78.95,3.018333333
82.545,76.71166667,79.83333333,78.01666667,3.036363636
83.44583333,76.95,80.41666667,78.41666667,3.035833333
84.08333333,81.19833333,80.98333333,79.25833333,3.030833333
84.09583333,89.03166667,81.6,79.81666667,3.010909091
83.69666667,90.395,82.18333333,80.375,2.989166667
85.28916667,88.80083333,82,80.71666667,2.974166667
83.8625,91.32166667,82.65833333,81.43333333,2.940833333
84.15583333,89.9825,82.29166667,80.90909091,2.934
84.0575,90.63083333,82.56666667,81.46363636,2.910833333
83.67333333,90.83333333,82.53333333,81.56666667,2.891666667
83.65833333,89.665,81.59166667,81.11666667,2.899166667
83.84833333,90.06166667,81.975,81.725,2.883333333
83.44666667,90.045,81.99166667,81.40833333,2.881666667
84.19916667,89.11416667,82.04166667,81.20833333,2.885
83.53083333,89.55083333,82.05833333,81.06666667,2.8825
83.82833333,89.88666667,82.31666667,81.41666667,2.8775
83.8125,90.38166667,82.76666667,81.59166667,2.869166667
83.7325,88.93416667,82.2,80.6,2.887272727
84.00833333,89.09333333,82.73333333,80.73333333,2.8825
83.55333333,88.36833333,82.025,79.81666667,2.905
84.36583333,89.275,82.90833333,80.76363636,2.895833333
83.84583333,88.70666667,82.45833333,80.1,2.905833333
84.32166667,89.58,83.15833333,80.74166667,2.894166667
83.48416667,88.39916667,82.275,79.66666667,2.909166667
84.31,89.60833333,83.3,80.50833333,2.890833333
84.08083333,90.21333333,83.525,80.78333333,2.885
84.2375,89.8275,83.36666667,80.75,2.886666667
84.62583333,89.66166667,83.09166667,81.025,2.888333333
83.81916667,89.56583333,82.71666667,80.75833333,2.890833333
83.95166667,89.44833333,82.26666667,81.04166667,2.894166667
83.8125,88.7025,81.54166667,80.95833333,2.896666667
83.42583333,88.26416667,80.75,80.76666667,2.915
83.9375,88.15916667,80.69166667,81.28333333,2.910909091
83.33416667,87.48916667,79.725,80.59166667,2.9375
84.04583333,88.38833333,80.48333333,81.63333333,2.922727273
83.09166667,86.57666667,79.35,79.825,2.959166667
83.61166667,89.15083333,80.74166667,81.225,2.940833333
83.68416667,87.23,79.95833333,80.45,2.948333333
83.91833333,88.0175,80.525,80.875,2.938333333
84.04666667,89.52333333,81.2,81.83333333,2.925833333
84.55916667,89.51916667,81.34166667,82.33333333,2.9025
84.45416667,90.80333333,82.04166667,83.1,2.8725
84.43666667,89.835,81.38333333,82.89166667,2.863333333
84.26083333,91.87666667,82.50833333,84.06666667,2.833
84.37166667,90.23666667,81.55,83.70833333,2.83
84.11166667,91.04583333,81.80833333,84.06666667,2.815833333
83.87666667,87.79916667,80.23333333,82.325,2.846666667
84.0425,88.65272727,80.775,82.575,2.8475
84.32666667,88.605,80.74166667,82.39166667,2.860833333
83.9125,87.86083333,80.33333333,81.8,2.872727273
84.44083333,87.9225,80.41666667,81.93333333,2.888181818
83.9375,87.93416667,80.41666667,81.775,2.892727273
84.11,87.04833333,79.93333333,80.94166667,2.914166667
84.41583333,88.41666667,81.05,81.81666667,2.8975
83.94666667,86.6575,79.78333333,80.64545455,2.925
84.58666667,88.13,80.83333333,81.74166667,2.9075
84.21333333,87.71333333,80.25833333,81.45833333,2.915833333
84.20916667,87.03416667,79.80833333,81.025,2.925
84.27166667,86.93833333,79.725,80.93333333,2.928333333
84.86833333,88.80666667,80.68333333,82.52727273,2.904166667
83.49,86.67333333,78.86666667,81.175,2.915833333
83.98583333,87.15416667,79.23333333,81.55833333,2.91
83.98166667,87.13583333,79.10833333,81.8,2.901666667
84.11583333,87.68833333,79.29166667,82.16666667,2.899166667
84.41166667,88.42416667,80.125,82.86666667,2.8775
84.37166667,87.385,79.75833333,82.35833333,2.8775
84.35166667,87.00166667,79.63333333,81.825,2.8875
84.57416667,87.42083333,80.25,81.725,2.89
84.65833333,87.32416667,80.71666667,81.41666667,2.893333333
84.805,87.58916667,80.875,81.31666667,2.9075
84.47583333,86.57727273,80.35,80.725,2.921666667
84.7325,86.535,80.18333333,80.24166667,2.943333333
85.49583333,88.19166667,81.69166667,81.35833333,2.924166667
84.695,86.3,80.275,79.96666667,2.958333333
85.36083333,87.61416667,81.09166667,81.075,2.948333333
85.2725,86.73083333,80.21666667,80.61666667,2.961666667
85.87583333,88.15166667,81.275,81.59166667,2.945
85.77833333,88.28666667,81.35833333,81.775,2.9325
85.99916667,89.42916667,82.00833333,82.88333333,2.9025
85.4,87.70583333,80.78333333,81.75833333,2.91
85.68083333,89.38833333,82.24166667,82.80833333,2.8775
85.4425,88.0975,81.55,82.16666667,2.8675
85.6375,86.81083333,80.91666667,81.66666667,2.875833333
85.46166667,87.17583333,81.00833333,81.94166667,2.866666667
85.53916667,87.15333333,81.075,82.025,2.868333333
85.63083333,86.37666667,80.74166667,81.46666667,2.876666667
85.58083333,87.00916667,81.14166667,81.90833333,2.870833333
85.52916667,87.9625,81.575,82.26666667,2.865833333
85.56833333,87.37,81.69166667,81.96666667,2.865
85.64083333,87.375,81.43333333,82.11666667,2.865833333
85.54166667,88.4325,81.90833333,82.75,2.856666667
85.84833333,85.94833333,80.80833333,81.93333333,2.868333333
85.99333333,85.6825,80.76666667,81.725,2.876666667
86.11583333,86.6475,81.33333333,81.96666667,2.875
86.225,85.93833333,81.36666667,81.45833333,2.881666667
86.09833333,87.6925,82.21666667,81.91666667,2.871666667
86.10666667,87.45666667,82.25833333,81.69166667,2.8725
86.20583333,87.44666667,82.1,81.70833333,2.875833333
85.89583333,88.23833333,82.53333333,82.04166667,2.865833333
85.915,88.62083333,82.625,82.13333333,2.864545455
85.81833333,88.62833333,82.525,82.19166667,2.863333333
86.0375,87.60333333,81.98333333,81.825,2.873333333
86.10916667,88.02666667,82.1,82.05833333,2.876666667
86.37916667,86.88416667,81.70833333,81.575,2.889166667
86.575,87.65916667,81.90833333,81.90833333,2.898333333
86.695,86.96083333,81.76666667,81.65833333,2.9075
87.20583333,86.275,81.45,81.29166667,2.93
87.28333333,87.36666667,82.18333333,81.65,2.930833333
87.44833333,86.27333333,81.59166667,80.89166667,2.951666667
87.475,87.27583333,82.39166667,81.46666667,2.9425
87.24166667,85.86916667,81.36666667,80.56666667,2.958181818
87.90083333,86.52333333,81.71666667,81.25833333,2.958333333
87.455,87.58,82.29166667,81.58333333,2.941666667
87.31416667,86.44666667,81.6,81.29166667,2.939166667
87.155,87.25083333,81.575,81.875,2.925833333
87.0425,86.17666667,80.74166667,81.59166667,2.9275
86.72166667,87.14666667,80.75833333,82.4,2.91
86.33166667,87.16416667,80.29166667,82.71666667,2.895833333
86.25666667,85.92333333,79.54166667,82.44166667,2.895833333
86.34916667,85.52166667,78.98333333,82.43333333,2.900833333
85.86666667,88.365,80.26666667,83.75,2.878333333
85.67166667,87.9425,79.96666667,83.525,2.870833333
85.45,87.72166667,79.775,83.55833333,2.8625
85.57,87.13666667,79.59166667,83.325,2.865
85.39416667,87.48583333,79.76666667,83.49166667,2.8575
85.26083333,88.17083333,80.23333333,83.65833333,2.849166667
85.37416667,87.34916667,79.95,83.09166667,2.854166667
85.50416667,86.54583333,79.95,82.55833333,2.86
85.45916667,88.54583333,81.25833333,83.025,2.853333333
85.56666667,87.94833333,81.225,82.69166667,2.856666667
85.76666667,87.54916667,80.96666667,82.57272727,2.865
85.91,87.65083333,81.225,82.45,2.868181818
86.32166667,86.51916667,80.70833333,82.04166667,2.890833333
86.4625,87.50833333,81.11666667,82.475,2.894166667
86.3225,87.3275,80.84166667,82.45833333,2.894166667
86.61833333,86.70166667,80.375,82.4,2.9025
86.24083333,88.63333333,81.23333333,83.18333333,2.89
86.42,86.86916667,80.46666667,82.5,2.9
86.4475,87.61166667,80.89166667,82.69166667,2.8975
86.365,86.37416667,80.75,81.5,2.9125
86.48583333,86.16916667,80.81666667,80.99166667,2.921818182
86.52416667,87.74083333,81.80833333,81.76666667,2.905454545
85.97333333,86.18,80.74166667,80.45,2.935
86.3275,87.05583333,81.525,80.95,2.929166667
85.64583333,85.8775,80.29166667,79.75833333,2.9625
86.54,86.6725,81.175,80.53333333,2.965
86.12,86.22166667,80.2,80.21666667,2.9875
86.43333333,86.33166667,80.43333333,80.50833333,2.985833333
86.07083333,86.02,79.8,80.16363636,3.003333333
86.43916667,86.08666667,80.30833333,80.29166667,2.998333333
85.45583333,85.16083333,79.4,79.3,3.019166667
86.48666667,86.34583333,80.65,80.18333333,3.0075
86.07333333,85.11666667,79.73333333,79.20833333,3.03
86.45,85.9875,80.30833333,79.85833333,3.02
86.3475,86.42333333,80.44166667,80.075,3.0125
85.9575,85.74833333,79.94166667,79.56666667,3.013333333
86.41166667,86.56166667,80.35,80.46666667,2.996666667
86.0425,86.45,79.975,80.33333333,2.992727273
86.07916667,85.82,79.80833333,80.08333333,2.9975
86.16666667,87.44416667,80.625,81.11666667,2.970833333
85.42916667,85.93416667,79.11666667,80.13333333,2.997272727
85.9,86.36833333,79.49166667,80.74166667,2.993333333
86.21583333,87.24833333,80,81.65,2.9775
85.45416667,86.27333333,79.075,80.75833333,2.995
86.03333333,86.85416667,79.99166667,81.525,2.9775
86.03083333,86.18166667,79.425,81.31666667,2.9825
86.495,87.44416667,80.6,82.19166667,2.951666667
86.29083333,86.76166667,80.125,81.66666667,2.954166667
86.70916667,87.795,81.66666667,82.09166667,2.920909091
85.96583333,86.52583333,80.36666667,81.325,2.9325
86.57083333,88.12416667,81.14166667,82.8,2.911818182
86.3525,87.96666667,81.125,82.55833333,2.901666667
86.4325,86.86416667,80.41666667,82.2,2.911666667
86.22083333,87.83333333,80.91666667,82.44166667,2.901666667
85.9875,87.47083333,80.59166667,82.03333333,2.905833333
86.28666667,86.89083333,80.68333333,81.90833333,2.9
86.17583333,87.16583333,80.73333333,81.90833333,2.8975
86.26166667,87.25416667,80.75833333,81.93333333,2.900833333
86.08083333,87.855,81.03333333,82.19166667,2.899166667
85.84583333,86.60083333,80.10833333,80.98333333,2.9275
86.06,87.41583333,81.01666667,81.46666667,2.919166667
85.86583333,85.88545455,79.79166667,80.16666667,2.953333333
85.85833333,85.72083333,79.875,79.89166667,2.970909091
85.83583333,85.8225,80.11666667,79.525,2.979166667
85.575,86.9725,80.63333333,79.77272727,2.985454545
85.35833333,84.90416667,79.14166667,78.49166667,3.014545455
85.50083333,85.18166667,78.93333333,78.84166667,3.04
85.87583333,87.76916667,80.45,80.43333333,3.014166667
85.1475,86.54666667,78.79166667,79.54166667,3.036666667
85.6725,87.39,79.51666667,80.61666667,3.023333333
85.80666667,88.34583333,79.85833333,81.275,3.008333333
85.75583333,87.16,79.24166667,81.00833333,3.005
86.24166667,89.3175,80.56666667,82.40833333,2.9775
85.91416667,88.55583333,80.225,82.05,2.968333333
85.72666667,87.525,79.63333333,81.55833333,2.98
86.395,89.30166667,81.00833333,82.625,2.956666667
85.59583333,87.9675,80.13333333,81.40833333,2.9725
86.04166667,88.84166667,80.84166667,82.05,2.956666667
86.3225,89.4925,81.53333333,82.54166667,2.94
86.43,89.6,81.64166667,82.53333333,2.930909091
86.25083333,90.05833333,82.21666667,82.83333333,2.9075
86.22,90.11083333,81.99166667,82.89166667,2.905454545
86.23833333,89.01416667,81.56666667,82.41666667,2.9075
86.045,88.6825,81.15,82.05833333,2.920833333
86.28,90.3975,82.15,83.11666667,2.903333333
85.98583333,88.99,81.04166667,82.50833333,2.920833333
86.13166667,88.38333333,80.46666667,82.45833333,2.930833333
86.17083333,88.55083333,80.575,82.55833333,2.934545455
86.2625,89.33916667,81.00833333,82.825,2.936666667
86.5275,89.52,81.51666667,82.96666667,2.925
86.06,88.51333333,80.71666667,82.19166667,2.938333333
86.66916667,89.63833333,81.79166667,82.85,2.924166667
86.11416667,88.97666667,81.34166667,82.075,2.928333333
86.44,89.92583333,81.95,82.78333333,2.9125
86.075,90.60916667,82.15,83.04166667,2.894166667
86.04583333,89.63,81.46666667,82.825,2.894166667
85.84916667,90.245,81.59166667,83.33333333,2.8825
85.74083333,90.94083333,81.84166667,83.5,2.878333333
85.9125,90.11666667,81.55,83.33333333,2.8825
85.90416667,91.13166667,82.225,83.66666667,2.879166667
85.95,90.7925,82.225,83.51666667,2.88
85.97166667,91.4475,82.65833333,83.79166667,2.88
86.13833333,90.48833333,82.2,83.50833333,2.886666667
85.93916667,91.765,83.14166667,83.81666667,2.8775
86.03166667,91.21916667,82.80833333,83.65833333,2.876666667
85.66583333,92.68833333,83.525,84.275,2.863333333
85.6325,92.27416667,83.45833333,83.93333333,2.855833333
85.39416667,90.80416667,82.99166667,83.075,2.8525
85.17583333,91.33,83.03333333,83.375,2.843636364
84.93833333,91.38583333,83.00833333,83.34166667,2.833333333
84.56416667,92.76083333,83.36666667,83.73333333,2.815833333
84.51,91.36083333,82.50833333,83.3,2.816666667
84.5,90.8525,81.775,83.35833333,2.821666667
84.50666667,90.72166667,81.3,83.625,2.823333333
84.715,89.69333333,80.56666667,83.275,2.838333333
84.75916667,88.94,80.39166667,83.05833333,2.849166667
84.89583333,89.6475,80.65833333,83.21666667,2.860833333
85.245,89.11,80.76666667,82.88333333,2.8725
84.87,87.26333333,79.80833333,81.35454545,2.908181818
85.6275,89.01333333,81.25,82.40833333,2.905
85.25,88.11583333,80.73333333,81.31666667,2.9225
85.7625,88.96916667,81.7,81.775,2.921666667
85.36166667,88.15583333,81.225,80.99166667,2.9375
86.06166667,89.67333333,82.30833333,82.06666667,2.918333333
86.03083333,90.25666667,82.54166667,82.6,2.903636364
85.665,89.415,82.1,81.90833333,2.896666667
85.79583333,90.18916667,82.51666667,82.5,2.876666667
85.68166667,89.24833333,82.05833333,82,2.878333333
85.4225,90.22583333,82.21666667,82.56666667,2.865
85.35333333,89.1575,81.44166667,82.36666667,2.8725
85.18583333,90.685,81.99166667,83.21666667,2.855454545
85.16666667,88.83083333,81.15,82.34166667,2.87
85.1175,91.12083333,81.90833333,83.50833333,2.858333333
85.27833333,90.2325,81.50833333,83.425,2.858333333
85.08416667,90.47416667,81.73333333,83.375,2.855833333
85.16916667,90.19,81.875,83,2.860833333
85.26833333,89.92083333,81.83333333,82.90833333,2.865833333
85.40916667,89.49666667,81.61666667,82.89166667,2.8725
85.45083333,90.01083333,81.875,83.01666667,2.87
84.77583333,88.36416667,80.825,81.83333333,2.891666667
85.0325,88.8875,81.26666667,81.95833333,2.8925
84.6925,87.48083333,80.55833333,80.75,2.918333333
84.76166667,87.105,79.93333333,80.40833333,2.9425
85.32333333,88.41333333,80.89166667,81.11666667,2.945
84.68166667,86.58916667,79.175,79.9,2.980833333
85.33583333,87.37666667,79.58333333,80.475,2.997272727
85.62333333,88.23583333,80.31666667,81.05,2.99
85.42583333,87.20166667,79.33333333,80.24166667,3.014166667
85.56833333,87.91833333,80.04166667,80.74166667,3.009166667
85.805,87.8,80.15833333,80.49166667,3.0275
85.90333333,88.435,80.575,80.9,3.0175
86.58166667,89.1475,81.30833333,81.66666667,3.005833333
85.62416667,88.24583333,80.54166667,80.61666667,3.013333333
86.37916667,88.9625,81.325,81.45,2.994166667
86.23916667,89.1975,81.39166667,81.74166667,2.980909091
85.9375,88.37333333,80.94166667,81.075,2.9825
86.60333333,89.9825,81.95833333,82.38181818,2.953333333
85.55083333,88.74833333,80.75,81.825,2.955833333
86.43333333,89.53583333,81.2,82.81666667,2.936363636
85.96416667,89.22083333,80.51666667,82.76666667,2.936666667
85.71083333,88.39416667,79.68333333,82.65,2.941666667
85.53166667,87.71,79.08333333,82.23333333,2.959166667
85.61,88.32083333,79.34166667,82.69166667,2.96
85.20166667,87.92083333,78.85833333,82.04166667,2.978333333
84.9075,86.33,77.96666667,80.96666667,3.008333333
84.59583333,85.64083333,77.63333333,79.99166667,3.0475
84.9275,86.2425,78.19166667,79.75833333,3.0725
85.26166667,81.40666667,78.74166667,79.66666667,3.089166667
84.88083333,76.83916667,78.21666667,78.7,3.118181818
85.26166667,75.89833333,78.4,78.275,3.145
84.36166667,76.3725,78.29166667,78.20833333,3.170833333
84.81666667,76.54833333,78.66666667,78.275,3.186666667
85.2475,76.7225,78.74166667,78.58333333,3.196666667
83.26083333,77.19583333,77.98333333,77.975,3.218333333
83.68083333,77.27,77.88333333,78.36666667,3.231666667
83.74,77.39833333,77.96666667,78.56666667,3.235833333
83.44,77.41416667,77.86666667,78.50833333,3.2375
83.1525,77.47916667,77.375,78.675,3.240909091
82.50666667,77.56583333,77.10833333,78.60833333,3.248333333
83.19666667,77.49333333,77.375,78.74166667,3.240833333
83.26083333,77.31916667,77.58333333,78.83333333,3.2425
83.00166667,77.30333333,77.30833333,78.475,3.255833333
83.62333333,77.49,78.11666667,78.68333333,3.248181818
82.89916667,77.24916667,77.70833333,77.925,3.270833333
84.0275,77.81333333,78.79166667,78.70833333,3.256666667
83.5,77.79,78.20833333,78.5,3.2575
83.78666667,77.4375,78.11666667,78.8,3.234166667
83.58583333,77.16416667,77.85,78.53333333,3.224166667
84.37416667,76.66,77.94166667,78.625,3.198333333
84.31416667,76.3575,77.76666667,78.55,3.177272727
85.29416667,75.945,77.65,79.06666667,3.154545455
84.8475,75.49,76.96666667,79.075,3.14
85.19416667,75.23,76.925,79.19166667,3.132727273
85.14666667,75.25416667,76.41666667,79.56666667,3.13
85.17083333,75.3075,76.41666667,79.475,3.1325
85.26166667,75.14916667,76.9,79.43333333,3.125
85.445,75.13583333,76.78333333,79.55833333,3.125454545
85.41166667,75.215,77.025,79.69166667,3.1175
84.57416667,75.09333333,76.44166667,79.13333333,3.128181818
85.63583333,74.79,76.95,79.6,3.1125
83.71583333,75.00727273,76.05,78.89166667,3.126666667
85.02916667,74.84833333,76.55833333,79.35,3.120833333
84.02416667,75.28416667,76.14166667,78.93333333,3.136666667
85.02666667,75.22916667,76.66666667,79.24166667,3.1375
84.31416667,75.4275,76.33333333,79.125,3.145
84.41666667,75.61,76.225,79.38333333,3.155454545
84.7975,75.63416667,76.05,79.90833333,3.158333333
85.63333333,75.69416667,76.30833333,80.5,3.158333333
85.4725,75.68166667,76.16666667,80.39166667,3.154545455
84.43416667,75.845,75.94166667,79.9,3.164166667
85.1375,75.84416667,76.34166667,80.125,3.160833333
84.53083333,75.82833333,75.925,79.96666667,3.160833333
85.31583333,75.76916667,76.6,80.05,3.156666667
83.98833333,75.9425,76.025,79.38333333,3.171666667
84.34416667,75.76083333,76.36666667,79.44166667,3.165
84.41,75.79727273,76.325,79.38333333,3.1675
84.54416667,75.77666667,76.29166667,79.375,3.163636364
84.015,75.71333333,75.94166667,79.24166667,3.1625
83.4225,75.91666667,75.61666667,79.21666667,3.173333333
84.92416667,75.7875,76.11666667,80.09166667,3.166666667
83.31,76.175,75.225,79.725,3.1925
83.76416667,76.32083333,75.73333333,80.125,3.2
81.95916667,77.04083333,74.86666667,79.73333333,3.229166667
81.56333333,77.50416667,74.78333333,79.8,3.258181818
82.0125,77.74333333,75.38333333,80.04166667,3.261818182
81.70333333,77.98833333,75.39166667,80.00833333,3.274545455
81.325,78.04916667,75.175,79.775,3.289166667
81.905,78.175,75.7,79.85833333,3.288333333
81.78833333,78.1275,75.625,79.95,3.2875
81.48166667,78.03083333,75.8,79.45454545,3.28
81.82833333,77.97916667,75.90833333,79.36666667,3.274545455
81.19083333,78.16833333,75.90833333,79.16666667,3.2775
81.89416667,77.96333333,75.94166667,79.19166667,3.274166667
81.55666667,77.99,76.38333333,78.875,3.261666667
81.8825,77.54333333,76.55833333,78.50833333,3.2425
82.23,77.24666667,76.5,78.425,3.2225
81.85166667,77.01818182,76.16666667,78.33333333,3.205833333
82.15583333,76.865,76.05,78.19166667,3.188333333
82.33666667,76.6925,76.00833333,78.475,3.171666667
82.86916667,76.49666667,76.475,78.21666667,3.156363636
87.24,75.14333333,78.775,80.00833333,3.089166667
82.64916667,75.61333333,77.25833333,77.81666667,3.094166667
83.62333333,75.59666667,77.94166667,78.2,3.075833333
83.61,74.9825,78.325,77.95,3.054166667
83.58833333,75.12833333,78.78333333,77.94166667,3.036666667
81.92916667,75.51916667,78.58333333,77.35833333,3.035
82.345,75.985,79.15,77.78333333,3.018333333
82.53166667,84.425,79.79166667,78,2.991666667
81.61416667,85.54166667,79.53333333,77.83333333,2.98
81.93416667,85.7425,79.45,77.98333333,2.963333333
80.92916667,84.7925,77.78333333,77.31666667,2.9775
81.03833333,85.72333333,78.04166667,78.23333333,2.964166667
81.25,84.92583333,77.26666667,78.275,2.9725
80.87166667,85.19083333,77.41666667,78.45833333,2.965833333
81.16583333,86.02083333,77.66666667,79.3,2.955833333
82.025,84.57083333,77.24166667,79.23333333,2.955
80.50916667,85.68,77.11666667,78.99166667,2.96
80.6275,83.8075,76.95,78.06666667,2.970833333
81.19583333,82.46916667,76.99166667,78.05833333,2.983333333
79.32916667,76.02333333,75.95833333,76.56666667,3.014166667
80.71666667,75.90916667,76.65833333,76.75,3.0275
80.9525,77.92916667,77.425,77.05,3.020833333
80.5575,76.92333333,76.90833333,76.475,3.031666667
80.58666667,81.36416667,76.925,76.99166667,3.025833333
81.995,83.6225,77.23333333,77.88333333,3.0075
81.58666667,84.72666667,77.1,78.15833333,2.999166667
80.11333333,86.02583333,76.66666667,78.525,2.9875
81.6525,84.16416667,76.21666667,78.74166667,2.984545455
80.07833333,85.06333333,75.59166667,78.35833333,2.991666667
79.68166667,85.09083333,75.88333333,77.94166667,2.984166667
80.20166667,84.2625,76.00833333,77.625,2.9775
80.4425,84.45583333,76.31666667,77.575,2.971666667
78.96083333,85.56,76.51666667,77.18333333,2.969166667
81.03083333,83.39,76.91666667,76.925,2.967272727
80.7375,84.85333333,78.10833333,77.21666667,2.950833333
79.07083333,85.50166667,77.84166667,76.425,2.950833333
79.51583333,84.4125,77.56666667,76.01666667,2.958333333
79.52,85.0425,77.95,76.40833333,2.949166667
79.68666667,85.375,78.35,76.65,2.936666667
80.28416667,85.0825,78.50833333,77.20833333,2.918333333
79.43083333,85.72916667,78.10833333,77.13333333,2.915
79.8175,84.93083333,77.925,77.225,2.905833333
79.66666667,85.1475,77.61666667,77.425,2.9075
79.7675,85.0425,77.63333333,77.41666667,2.909166667
79.22833333,84.015,76.59166667,76.65,2.930833333
80.15916667,85.56,78.26666667,77.94166667,2.908333333
79.3725,84.07,76.94166667,76.35833333,2.936666667
79.86416667,85.8875,78.60833333,77.16666667,2.921666667
79.49583333,83.205,77.19166667,75.6,2.9425
79.71083333,83.35416667,77.86666667,75.35,2.939166667
79.4875,83.515,78.51666667,74.71666667,2.926666667
79.17333333,83.25333333,78.575,74.25,2.920833333
78.655,82.825,77.925,74.01666667,2.925833333
79.44166667,83.97666667,78.86666667,74.93333333,2.913333333
